player_id,matched_player_id,action,timestamp
G001,G029,1,2026-06-06
G001,G007,1,2026-02-20
G001,G071,0,2026-02-06
G001,G063,1,2026-01-14
G001,G058,0,2026-03-14
G001,G036,0,2026-01-30
G001,G027,0,2026-06-28
G001,G140,0,2026-05-20
G001,G023,0,2026-04-03
G001,G109,0,2026-05-05
G002,G087,0,2026-03-25
G002,G027,0,2026-04-15
G002,G024,0,2026-01-22
G002,G098,0,2026-03-29
G002,G025,0,2026-06-12
G002,G092,1,2026-05-02
G002,G089,0,2026-06-09
G002,G068,0,2026-06-04
G002,G012,0,2026-03-05
G002,G118,0,2026-03-28
G003,G042,1,2026-01-17
G003,G095,0,2026-05-04
G003,G091,0,2026-06-15
G003,G054,0,2026-06-21
G003,G069,0,2026-03-19
G003,G019,0,2026-05-06
G003,G044,0,2026-02-04
G003,G137,0,2026-04-10
G003,G063,1,2026-02-22
G003,G119,0,2026-01-16
G004,G118,0,2026-05-25
G004,G037,0,2026-06-06
G004,G068,0,2026-06-01
G004,G036,0,2026-05-20
G004,G064,0,2026-03-13
G004,G144,0,2026-03-23
G004,G138,0,2026-03-02
G004,G150,0,2026-02-08
G004,G110,0,2026-06-27
G004,G103,0,2026-05-31
G005,G138,0,2026-05-15
G005,G069,1,2026-06-02
G005,G088,0,2026-04-14
G005,G029,0,2026-02-20
G005,G076,0,2026-05-21
G005,G112,0,2026-05-19
G005,G041,0,2026-02-14
G005,G117,0,2026-01-27
G005,G001,0,2026-06-25
G005,G068,0,2026-03-29
G006,G079,1,2026-02-28
G006,G062,0,2026-05-18
G006,G015,0,2026-01-25
G006,G146,0,2026-05-06
G006,G021,0,2026-01-04
G006,G022,1,2026-04-11
G006,G125,0,2026-01-09
G006,G018,0,2026-03-09
G006,G137,0,2026-03-06
G006,G033,0,2026-05-03
G007,G017,0,2026-04-06
G007,G087,1,2026-04-30
G007,G006,0,2026-02-25
G007,G142,1,2026-05-27
G007,G059,0,2026-02-03
G007,G057,0,2026-04-28
G007,G002,0,2026-03-17
G007,G019,0,2026-06-05
G007,G016,0,2026-03-31
G007,G018,0,2026-03-02
G008,G014,0,2026-03-13
G008,G026,1,2026-03-03
G008,G016,0,2026-06-10
G008,G104,0,2026-02-09
G008,G087,1,2026-01-14
G008,G028,0,2026-06-26
G008,G064,0,2026-04-30
G008,G050,1,2026-02-25
G008,G049,0,2026-03-19
G008,G138,0,2026-05-18
G009,G098,0,2026-05-05
G009,G001,0,2026-02-01
G009,G100,0,2026-06-14
G009,G068,0,2026-06-15
G009,G117,1,2026-02-27
G009,G074,0,2026-02-14
G009,G109,0,2026-02-19
G009,G143,1,2026-05-13
G009,G125,1,2026-06-12
G009,G040,0,2026-04-30
G010,G104,0,2026-04-24
G010,G031,0,2026-04-10
G010,G146,1,2026-03-20
G010,G064,1,2026-01-15
G010,G149,0,2026-04-10
G010,G011,0,2026-06-11
G010,G021,0,2026-01-21
G010,G108,0,2026-06-04
G010,G150,1,2026-05-06
G010,G145,1,2026-05-27
G011,G090,1,2026-02-08
G011,G018,1,2026-01-11
G011,G063,1,2026-05-26
G011,G095,0,2026-06-02
G011,G073,0,2026-05-21
G011,G041,0,2026-01-26
G011,G113,0,2026-04-03
G011,G140,0,2026-01-18
G011,G078,0,2026-02-20
G011,G136,0,2026-06-16
G012,G024,0,2026-03-12
G012,G109,0,2026-06-01
G012,G071,1,2026-01-04
G012,G001,0,2026-02-10
G012,G086,1,2026-03-27
G012,G034,0,2026-05-23
G012,G068,0,2026-06-19
G012,G042,0,2026-06-19
G012,G114,0,2026-05-07
G013,G064,0,2026-04-05
G013,G027,0,2026-03-16
G013,G091,0,2026-04-27
G013,G144,1,2026-01-01
G013,G105,1,2026-06-20
G013,G040,0,2026-05-04
G013,G061,0,2026-03-04
G013,G042,0,2026-05-02
G013,G046,0,2026-01-12
G013,G106,1,2026-04-06
G014,G072,1,2026-04-23
G014,G018,1,2026-01-28
G014,G090,0,2026-04-10
G014,G131,0,2026-02-19
G014,G103,1,2026-02-02
G014,G138,0,2026-06-18
G014,G085,0,2026-06-29
G014,G008,0,2026-02-12
G014,G030,0,2026-01-09
G014,G067,1,2026-03-11
G015,G018,0,2026-02-08
G015,G085,1,2026-03-14
G015,G081,0,2026-03-24
G015,G032,0,2026-05-16
G015,G077,0,2026-04-13
G015,G130,0,2026-06-29
G015,G080,0,2026-05-07
G015,G105,0,2026-02-01
G015,G084,0,2026-04-08
G015,G104,0,2026-03-08
G016,G055,0,2026-05-03
G016,G131,0,2026-05-23
G016,G122,1,2026-04-28
G016,G044,0,2026-01-24
G016,G022,0,2026-06-11
G016,G073,0,2026-01-19
G016,G132,0,2026-01-02
G016,G086,0,2026-03-19
G016,G024,0,2026-01-13
G016,G061,0,2026-06-02
G017,G109,1,2026-03-03
G017,G057,0,2026-02-06
G017,G046,0,2026-03-08
G017,G133,0,2026-02-20
G017,G119,0,2026-02-09
G017,G013,1,2026-05-20
G017,G143,0,2026-02-28
G017,G064,0,2026-04-27
G017,G032,0,2026-04-20
G017,G117,1,2026-02-16
G018,G125,0,2026-06-09
G018,G062,1,2026-05-01
G018,G071,1,2026-05-21
G018,G113,0,2026-06-13
G018,G020,0,2026-04-06
G018,G074,0,2026-03-15
G018,G061,1,2026-03-14
G018,G070,0,2026-01-31
G018,G086,0,2026-06-24
G018,G082,0,2026-02-02
G019,G098,0,2026-04-21
G019,G123,0,2026-06-22
G019,G002,0,2026-01-09
G019,G091,0,2026-03-18
G019,G077,0,2026-03-02
G019,G100,0,2026-01-21
G019,G108,0,2026-03-21
G019,G138,0,2026-01-11
G019,G140,1,2026-01-16
G019,G057,1,2026-03-03
G020,G047,1,2026-06-09
G020,G013,0,2026-02-11
G020,G067,1,2026-04-01
G020,G098,1,2026-06-12
G020,G084,0,2026-01-14
G020,G055,1,2026-06-22
G020,G117,0,2026-05-09
G020,G087,0,2026-01-21
G020,G072,1,2026-05-28
G020,G108,0,2026-05-31
G021,G145,0,2026-04-11
G021,G056,0,2026-03-25
G021,G120,0,2026-05-10
G021,G066,1,2026-01-04
G021,G095,0,2026-04-28
G021,G043,0,2026-04-13
G021,G030,0,2026-01-27
G021,G042,0,2026-02-05
G021,G080,0,2026-04-02
G021,G028,0,2026-01-11
G022,G095,0,2026-03-04
G022,G018,0,2026-03-10
G022,G130,0,2026-02-16
G022,G088,0,2026-04-21
G022,G004,0,2026-02-12
G022,G108,0,2026-03-02
G022,G126,1,2026-01-29
G022,G028,0,2026-04-28
G022,G111,0,2026-06-07
G022,G093,0,2026-03-06
G023,G063,1,2026-04-24
G023,G119,0,2026-01-28
G023,G146,0,2026-04-20
G023,G098,0,2026-02-17
G023,G087,0,2026-06-08
G023,G008,0,2026-03-17
G023,G127,0,2026-04-29
G023,G084,0,2026-01-15
G023,G047,0,2026-03-07
G023,G125,0,2026-06-06
G024,G076,0,2026-02-09
G024,G057,1,2026-01-01
G024,G104,1,2026-04-12
G024,G063,1,2026-05-30
G024,G079,0,2026-04-10
G024,G149,1,2026-02-12
G024,G095,0,2026-01-04
G024,G122,1,2026-05-05
G024,G142,0,2026-04-20
G024,G136,0,2026-02-15
G025,G073,1,2026-06-18
G025,G026,0,2026-02-08
G025,G050,0,2026-05-28
G025,G076,0,2026-02-24
G025,G059,1,2026-06-26
G025,G093,0,2026-03-01
G025,G046,0,2026-04-03
G025,G078,1,2026-06-16
G025,G004,0,2026-02-27
G025,G137,0,2026-06-13
G026,G103,1,2026-03-15
G026,G126,0,2026-01-22
G026,G019,1,2026-02-16
G026,G148,0,2026-03-08
G026,G014,0,2026-01-30
G026,G039,0,2026-04-12
G026,G145,0,2026-06-14
G026,G078,0,2026-06-04
G026,G022,0,2026-05-07
G026,G064,0,2026-04-23
G027,G021,1,2026-05-01
G027,G041,0,2026-04-18
G027,G062,0,2026-03-05
G027,G045,1,2026-05-01
G027,G142,0,2026-01-20
G027,G020,0,2026-05-10
G027,G001,0,2026-02-10
G027,G105,0,2026-05-22
G027,G116,0,2026-05-24
G027,G121,1,2026-05-18
G028,G079,0,2026-03-09
G028,G146,1,2026-06-19
G028,G074,0,2026-04-08
G028,G113,0,2026-06-23
G028,G032,1,2026-01-08
G028,G120,0,2026-02-02
G028,G078,0,2026-06-24
G028,G104,0,2026-01-08
G028,G070,0,2026-02-02
G028,G129,1,2026-05-16
G029,G121,0,2026-04-08
G029,G133,0,2026-05-19
G029,G114,0,2026-01-03
G029,G072,0,2026-01-11
G029,G047,0,2026-02-09
G029,G150,1,2026-06-07
G029,G112,0,2026-04-08
G029,G126,1,2026-03-18
G029,G024,0,2026-06-29
G029,G090,0,2026-02-11
G030,G119,0,2026-04-17
G030,G106,0,2026-01-02
G030,G014,0,2026-06-22
G030,G049,0,2026-01-25
G030,G133,0,2026-05-20
G030,G093,1,2026-06-26
G030,G128,0,2026-06-06
G030,G114,0,2026-05-31
G030,G053,0,2026-05-30
G030,G069,0,2026-05-21
G031,G128,1,2026-05-12
G031,G075,0,2026-02-19
G031,G131,0,2026-05-26
G031,G070,0,2026-04-20
G031,G107,0,2026-03-15
G031,G124,0,2026-02-20
G031,G121,0,2026-06-29
G031,G063,0,2026-04-14
G031,G117,0,2026-02-01
G031,G142,0,2026-02-24
G032,G039,0,2026-05-12
G032,G115,0,2026-04-29
G032,G138,0,2026-05-01
G032,G124,0,2026-03-16
G032,G089,0,2026-02-28
G032,G086,0,2026-03-24
G032,G142,1,2026-01-11
G032,G140,0,2026-01-14
G032,G097,0,2026-02-23
G032,G117,0,2026-05-28
G033,G129,0,2026-04-23
G033,G085,0,2026-01-03
G033,G026,0,2026-06-09
G033,G113,0,2026-01-08
G033,G135,0,2026-03-24
G033,G117,0,2026-01-20
G033,G004,0,2026-02-25
G033,G037,0,2026-06-20
G033,G105,0,2026-04-30
G033,G040,0,2026-04-17
G034,G059,0,2026-04-15
G034,G024,0,2026-03-11
G034,G112,0,2026-02-14
G034,G026,0,2026-01-06
G034,G114,0,2026-05-17
G034,G043,1,2026-01-24
G034,G077,0,2026-01-22
G034,G008,0,2026-02-22
G034,G012,0,2026-05-24
G034,G084,1,2026-01-17
G035,G066,0,2026-04-14
G035,G118,0,2026-03-13
G035,G003,0,2026-03-05
G035,G120,0,2026-05-10
G035,G074,0,2026-02-26
G035,G140,0,2026-03-24
G035,G041,0,2026-02-02
G035,G019,0,2026-01-01
G035,G114,1,2026-01-12
G035,G089,0,2026-06-27
G036,G145,0,2026-01-20
G036,G013,0,2026-04-11
G036,G128,0,2026-06-21
G036,G074,0,2026-05-27
G036,G059,1,2026-04-15
G036,G091,0,2026-03-15
G036,G057,0,2026-05-27
G036,G049,0,2026-03-28
G036,G065,0,2026-04-21
G037,G043,0,2026-01-08
G037,G066,0,2026-02-07
G037,G124,0,2026-03-20
G037,G076,1,2026-02-12
G037,G087,1,2026-03-27
G037,G030,0,2026-01-08
G037,G120,0,2026-03-24
G037,G020,0,2026-03-26
G037,G058,0,2026-05-01
G038,G121,0,2026-06-20
G038,G007,0,2026-02-23
G038,G144,1,2026-04-30
G038,G084,0,2026-05-26
G038,G057,1,2026-03-27
G038,G017,0,2026-01-02
G038,G119,0,2026-03-14
G038,G078,0,2026-05-21
G038,G105,0,2026-01-13
G038,G030,0,2026-02-24
G039,G105,0,2026-01-15
G039,G072,0,2026-03-20
G039,G009,0,2026-05-29
G039,G095,0,2026-03-05
G039,G056,1,2026-05-06
G039,G114,0,2026-01-28
G039,G061,0,2026-06-17
G039,G093,0,2026-04-28
G039,G026,0,2026-02-05
G039,G140,0,2026-02-08
G040,G054,0,2026-06-01
G040,G056,0,2026-06-23
G040,G060,0,2026-03-30
G040,G085,0,2026-04-30
G040,G038,0,2026-06-25
G040,G001,1,2026-06-16
G040,G071,1,2026-03-14
G040,G034,0,2026-06-13
G040,G139,0,2026-03-29
G040,G065,0,2026-06-02
G041,G116,0,2026-03-12
G041,G129,0,2026-02-24
G041,G057,0,2026-03-08
G041,G012,1,2026-06-09
G041,G134,0,2026-05-23
G041,G078,1,2026-04-20
G041,G118,0,2026-01-31
G041,G008,0,2026-04-07
G041,G016,0,2026-01-28
G041,G123,0,2026-03-05
G042,G130,0,2026-03-19
G042,G111,0,2026-06-05
G042,G026,1,2026-04-10
G042,G030,0,2026-03-26
G042,G142,0,2026-01-05
G042,G056,0,2026-06-12
G042,G116,1,2026-06-08
G042,G059,1,2026-06-05
G042,G106,0,2026-03-26
G042,G087,0,2026-02-07
G043,G016,0,2026-02-02
G043,G144,0,2026-05-21
G043,G085,0,2026-05-03
G043,G032,0,2026-04-01
G043,G106,0,2026-03-27
G043,G091,0,2026-04-19
G043,G109,0,2026-03-12
G043,G014,0,2026-01-21
G043,G074,0,2026-01-16
G043,G080,0,2026-01-25
G044,G069,0,2026-06-12
G044,G008,0,2026-01-18
G044,G047,0,2026-06-06
G044,G070,0,2026-05-05
G044,G080,0,2026-03-05
G044,G087,0,2026-03-27
G044,G090,0,2026-04-07
G044,G002,0,2026-02-04
G044,G037,0,2026-06-16
G044,G145,0,2026-01-22
G045,G013,1,2026-06-01
G045,G021,0,2026-01-07
G045,G070,1,2026-02-15
G045,G114,0,2026-06-18
G045,G109,1,2026-01-27
G045,G125,0,2026-05-08
G045,G107,1,2026-05-06
G045,G056,0,2026-04-25
G045,G132,0,2026-05-30
G045,G030,1,2026-03-11
G046,G045,0,2026-06-19
G046,G034,0,2026-03-04
G046,G098,0,2026-04-10
G046,G137,0,2026-02-03
G046,G059,1,2026-01-17
G046,G129,0,2026-05-31
G046,G144,0,2026-04-07
G046,G091,1,2026-01-22
G046,G019,0,2026-01-04
G046,G102,0,2026-06-07
G047,G112,0,2026-05-17
G047,G028,1,2026-01-18
G047,G063,1,2026-02-19
G047,G103,1,2026-04-01
G047,G135,0,2026-01-15
G047,G021,0,2026-04-30
G047,G102,1,2026-04-25
G047,G080,1,2026-01-26
G047,G087,1,2026-01-13
G047,G057,1,2026-01-20
G048,G127,0,2026-01-19
G048,G119,0,2026-04-20
G048,G145,1,2026-03-31
G048,G149,0,2026-04-11
G048,G115,0,2026-06-20
G048,G083,1,2026-04-17
G048,G081,1,2026-06-06
G048,G039,0,2026-02-20
G048,G113,0,2026-02-01
G048,G018,0,2026-06-19
G049,G116,0,2026-06-08
G049,G147,0,2026-05-16
G049,G083,1,2026-03-09
G049,G122,0,2026-02-15
G049,G129,0,2026-05-20
G049,G039,0,2026-04-18
G049,G016,0,2026-04-04
G049,G027,1,2026-06-16
G049,G088,0,2026-01-15
G050,G086,0,2026-05-24
G050,G017,0,2026-04-11
G050,G085,0,2026-01-02
G050,G025,0,2026-05-27
G050,G143,0,2026-06-08
G050,G099,0,2026-03-25
G050,G073,0,2026-04-06
G050,G065,0,2026-01-09
G050,G039,0,2026-01-05
G050,G021,0,2026-06-06
G051,G109,0,2026-05-25
G051,G131,0,2026-04-15
G051,G093,0,2026-06-04
G051,G005,0,2026-02-11
G051,G080,0,2026-02-15
G051,G047,0,2026-04-04
G051,G055,0,2026-01-22
G051,G088,0,2026-03-25
G051,G125,1,2026-05-14
G051,G050,0,2026-01-21
G052,G043,0,2026-04-11
G052,G113,0,2026-03-01
G052,G012,0,2026-05-11
G052,G106,0,2026-02-03
G052,G094,0,2026-03-03
G052,G061,0,2026-03-24
G052,G114,0,2026-03-14
G052,G073,0,2026-05-09
G052,G115,0,2026-05-25
G052,G060,0,2026-06-16
G053,G124,0,2026-02-18
G053,G096,1,2026-03-10
G053,G142,1,2026-05-04
G053,G027,0,2026-04-01
G053,G133,0,2026-03-15
G053,G032,0,2026-02-21
G053,G073,1,2026-03-23
G053,G022,0,2026-03-26
G053,G042,1,2026-04-09
G053,G070,0,2026-01-14
G054,G086,1,2026-05-22
G054,G038,0,2026-01-25
G054,G036,0,2026-06-01
G054,G010,0,2026-04-30
G054,G074,1,2026-06-17
G054,G121,0,2026-01-17
G054,G115,0,2026-03-04
G054,G002,1,2026-02-22
G054,G021,0,2026-06-25
G054,G005,0,2026-02-02
G055,G062,0,2026-03-29
G055,G037,1,2026-02-15
G055,G075,0,2026-02-20
G055,G110,0,2026-03-22
G055,G001,0,2026-06-18
G055,G091,0,2026-03-26
G055,G147,1,2026-06-25
G055,G107,0,2026-06-12
G055,G048,0,2026-01-12
G055,G022,0,2026-02-01
G056,G086,0,2026-06-13
G056,G035,0,2026-03-04
G056,G012,1,2026-05-09
G056,G091,1,2026-05-09
G056,G140,0,2026-04-10
G056,G087,0,2026-02-18
G056,G045,0,2026-02-10
G056,G119,0,2026-06-20
G056,G123,0,2026-05-12
G056,G047,0,2026-06-17
G057,G085,0,2026-02-22
G057,G070,0,2026-02-17
G057,G032,0,2026-06-08
G057,G095,0,2026-06-09
G057,G112,0,2026-05-14
G057,G103,0,2026-04-08
G057,G113,1,2026-04-07
G057,G099,0,2026-04-12
G057,G087,0,2026-03-12
G057,G048,1,2026-03-08
G058,G090,0,2026-01-07
G058,G115,0,2026-06-22
G058,G011,1,2026-01-25
G058,G091,0,2026-03-09
G058,G112,1,2026-06-12
G058,G071,0,2026-01-15
G058,G015,0,2026-03-23
G058,G020,0,2026-06-21
G058,G104,0,2026-01-07
G058,G094,1,2026-03-27
G059,G096,0,2026-05-31
G059,G114,0,2026-05-13
G059,G020,0,2026-03-22
G059,G147,0,2026-05-30
G059,G036,0,2026-04-24
G059,G136,0,2026-05-06
G059,G094,0,2026-04-17
G059,G102,0,2026-02-24
G059,G081,1,2026-05-26
G059,G072,0,2026-03-06
G060,G045,0,2026-01-01
G060,G114,0,2026-03-29
G060,G023,0,2026-05-29
G060,G082,0,2026-05-25
G060,G089,0,2026-02-23
G060,G017,0,2026-02-08
G060,G141,0,2026-03-02
G060,G139,0,2026-02-08
G060,G075,0,2026-06-07
G060,G077,1,2026-03-20
G061,G123,0,2026-04-02
G061,G135,0,2026-02-08
G061,G106,0,2026-05-14
G061,G105,0,2026-05-27
G061,G148,0,2026-06-15
G061,G019,0,2026-02-17
G061,G033,0,2026-05-18
G061,G082,1,2026-05-03
G061,G116,1,2026-02-17
G061,G120,0,2026-06-09
G062,G065,0,2026-02-01
G062,G051,1,2026-01-12
G062,G142,0,2026-01-26
G062,G071,1,2026-02-05
G062,G033,1,2026-06-22
G062,G078,1,2026-01-16
G062,G137,0,2026-04-23
G062,G024,0,2026-02-03
G062,G129,1,2026-01-17
G062,G044,0,2026-01-20
G063,G140,0,2026-03-15
G063,G075,0,2026-05-08
G063,G078,0,2026-05-24
G063,G124,1,2026-04-09
G063,G104,0,2026-04-02
G063,G077,0,2026-05-27
G063,G117,0,2026-02-18
G063,G019,0,2026-04-09
G063,G016,0,2026-05-29
G064,G069,0,2026-02-02
G064,G116,0,2026-05-12
G064,G037,0,2026-02-22
G064,G025,0,2026-03-02
G064,G013,0,2026-04-12
G064,G075,0,2026-06-06
G064,G099,0,2026-02-20
G064,G108,0,2026-04-29
G064,G041,1,2026-03-31
G065,G013,0,2026-03-28
G065,G073,0,2026-03-28
G065,G127,0,2026-06-16
G065,G121,0,2026-05-11
G065,G074,0,2026-04-17
G065,G138,1,2026-02-20
G065,G003,1,2026-02-09
G065,G028,1,2026-01-21
G065,G111,0,2026-05-30
G065,G035,0,2026-06-05
G066,G101,1,2026-06-20
G066,G096,1,2026-04-05
G066,G087,0,2026-02-17
G066,G143,0,2026-01-25
G066,G094,0,2026-05-25
G066,G037,1,2026-01-24
G066,G051,0,2026-03-21
G066,G131,0,2026-04-14
G066,G103,0,2026-02-20
G066,G129,0,2026-02-13
G067,G126,1,2026-01-04
G067,G145,0,2026-01-28
G067,G077,0,2026-01-13
G067,G122,0,2026-02-01
G067,G005,0,2026-06-16
G067,G095,0,2026-05-17
G067,G085,0,2026-01-22
G067,G029,0,2026-03-24
G067,G107,1,2026-01-06
G067,G150,1,2026-02-03
G068,G029,0,2026-03-01
G068,G049,0,2026-06-14
G068,G005,0,2026-02-17
G068,G113,1,2026-04-07
G068,G081,0,2026-02-27
G068,G108,0,2026-04-10
G068,G039,0,2026-03-04
G068,G106,0,2026-04-03
G068,G053,0,2026-01-07
G068,G129,0,2026-01-06
G069,G068,0,2026-02-24
G069,G124,1,2026-04-01
G069,G050,0,2026-04-20
G069,G064,1,2026-02-03
G069,G072,0,2026-03-24
G069,G143,0,2026-03-20
G069,G077,0,2026-05-23
G069,G058,0,2026-04-17
G069,G074,0,2026-06-09
G069,G054,0,2026-03-08
G070,G066,0,2026-01-09
G070,G123,0,2026-05-03
G070,G055,0,2026-06-16
G070,G052,1,2026-04-06
G070,G138,0,2026-06-04
G070,G144,0,2026-05-25
G070,G036,1,2026-02-09
G070,G028,0,2026-05-20
G070,G062,0,2026-02-28
G071,G123,0,2026-05-16
G071,G052,0,2026-05-15
G071,G074,0,2026-06-20
G071,G083,0,2026-03-20
G071,G016,0,2026-05-13
G071,G023,0,2026-04-16
G071,G147,0,2026-06-27
G071,G060,1,2026-01-26
G071,G137,1,2026-04-05
G071,G010,0,2026-01-16
G072,G140,1,2026-03-04
G072,G135,0,2026-05-13
G072,G127,1,2026-04-04
G072,G035,0,2026-02-04
G072,G130,0,2026-05-11
G072,G120,1,2026-01-17
G072,G070,0,2026-03-12
G072,G050,0,2026-06-07
G072,G029,0,2026-06-05
G072,G085,1,2026-05-25
G073,G123,1,2026-02-03
G073,G083,1,2026-01-13
G073,G064,0,2026-04-30
G073,G002,1,2026-05-30
G073,G067,0,2026-05-20
G073,G099,0,2026-02-21
G073,G061,0,2026-04-11
G073,G115,0,2026-01-17
G073,G069,0,2026-04-15
G073,G085,1,2026-05-04
G074,G057,0,2026-05-05
G074,G035,0,2026-01-06
G074,G123,0,2026-06-09
G074,G040,0,2026-02-14
G074,G117,0,2026-06-10
G074,G096,0,2026-06-01
G074,G107,1,2026-02-09
G074,G141,0,2026-05-09
G074,G121,0,2026-05-22
G074,G138,1,2026-02-16
G075,G114,1,2026-03-15
G075,G030,0,2026-06-15
G075,G053,0,2026-01-08
G075,G150,0,2026-06-24
G075,G126,1,2026-06-29
G075,G024,0,2026-02-01
G075,G131,1,2026-03-13
G075,G115,0,2026-06-13
G075,G015,0,2026-06-14
G075,G117,0,2026-06-12
G076,G121,0,2026-03-25
G076,G009,0,2026-01-06
G076,G074,0,2026-02-11
G076,G105,0,2026-04-01
G076,G047,1,2026-02-12
G076,G035,0,2026-05-28
G076,G108,0,2026-05-03
G076,G096,0,2026-06-24
G076,G098,0,2026-03-03
G076,G115,0,2026-02-10
G077,G109,0,2026-06-01
G077,G137,1,2026-01-11
G077,G098,0,2026-06-25
G077,G059,0,2026-06-12
G077,G064,1,2026-06-21
G077,G118,0,2026-01-08
G077,G089,0,2026-06-17
G077,G040,1,2026-06-18
G077,G071,0,2026-05-01
G077,G049,1,2026-06-15
G078,G036,0,2026-02-16
G078,G129,0,2026-04-14
G078,G075,1,2026-02-07
G078,G060,0,2026-05-16
G078,G148,0,2026-03-12
G078,G082,1,2026-06-17
G078,G083,0,2026-01-16
G078,G061,0,2026-02-15
G078,G037,0,2026-03-15
G079,G105,0,2026-06-15
G079,G039,0,2026-03-15
G079,G077,0,2026-05-26
G079,G097,0,2026-04-25
G079,G048,0,2026-01-15
G079,G138,0,2026-03-06
G079,G122,0,2026-06-06
G079,G062,0,2026-05-12
G079,G058,1,2026-03-25
G079,G037,0,2026-01-26
G080,G011,0,2026-05-12
G080,G019,0,2026-05-30
G080,G049,0,2026-02-27
G080,G144,0,2026-01-02
G080,G056,0,2026-05-08
G080,G123,1,2026-04-29
G080,G054,0,2026-04-18
G080,G086,0,2026-02-13
G080,G078,0,2026-04-12
G080,G004,0,2026-02-18
G081,G128,0,2026-05-04
G081,G120,0,2026-06-25
G081,G026,0,2026-01-31
G081,G121,0,2026-03-15
G081,G082,1,2026-05-10
G081,G053,1,2026-03-24
G081,G095,0,2026-04-28
G081,G106,0,2026-01-13
G081,G012,0,2026-04-04
G082,G066,1,2026-06-10
G082,G126,0,2026-01-09
G082,G118,1,2026-06-28
G082,G044,1,2026-01-19
G082,G091,0,2026-05-22
G082,G036,1,2026-02-20
G082,G140,0,2026-06-14
G082,G048,0,2026-01-10
G082,G139,0,2026-02-26
G082,G016,0,2026-06-25
G083,G002,0,2026-01-02
G083,G137,0,2026-05-15
G083,G142,1,2026-06-05
G083,G106,0,2026-04-29
G083,G004,0,2026-02-15
G083,G005,0,2026-03-31
G083,G136,0,2026-03-20
G083,G071,1,2026-03-18
G083,G138,0,2026-04-28
G083,G074,0,2026-05-03
G084,G077,0,2026-01-01
G084,G021,1,2026-02-22
G084,G009,0,2026-01-15
G084,G024,0,2026-02-05
G084,G104,0,2026-06-05
G084,G098,0,2026-06-19
G084,G097,0,2026-01-03
G084,G142,0,2026-02-28
G084,G122,1,2026-06-10
G084,G015,0,2026-04-19
G085,G140,0,2026-02-05
G085,G145,1,2026-03-22
G085,G009,0,2026-02-11
G085,G046,0,2026-05-25
G085,G081,0,2026-01-04
G085,G005,0,2026-02-21
G085,G054,0,2026-04-02
G085,G037,1,2026-03-10
G085,G102,0,2026-06-10
G085,G020,1,2026-01-23
G086,G102,0,2026-01-06
G086,G084,0,2026-03-24
G086,G008,1,2026-01-22
G086,G070,0,2026-04-27
G086,G116,0,2026-06-08
G086,G126,0,2026-03-24
G086,G059,0,2026-01-18
G086,G092,1,2026-03-22
G086,G142,1,2026-06-02
G086,G097,1,2026-04-12
G087,G114,0,2026-03-17
G087,G093,1,2026-06-07
G087,G070,1,2026-06-06
G087,G027,0,2026-04-07
G087,G034,0,2026-06-26
G087,G023,0,2026-03-22
G087,G048,0,2026-02-06
G087,G111,0,2026-04-28
G087,G115,0,2026-05-17
G087,G143,0,2026-05-17
G088,G036,0,2026-06-10
G088,G069,0,2026-04-27
G088,G078,0,2026-02-23
G088,G127,0,2026-05-10
G088,G038,0,2026-05-26
G088,G017,1,2026-03-20
G088,G043,0,2026-01-22
G088,G112,0,2026-04-06
G088,G071,0,2026-03-11
G088,G108,0,2026-01-14
G089,G035,0,2026-01-18
G089,G077,0,2026-02-02
G089,G083,0,2026-04-07
G089,G052,0,2026-03-21
G089,G123,0,2026-02-05
G089,G081,0,2026-02-10
G089,G046,1,2026-02-09
G089,G102,0,2026-03-03
G089,G082,0,2026-05-07
G089,G075,0,2026-04-16
G090,G018,1,2026-01-27
G090,G105,1,2026-03-19
G090,G128,0,2026-01-03
G090,G036,0,2026-06-20
G090,G078,0,2026-03-29
G090,G062,0,2026-02-12
G090,G065,0,2026-06-08
G090,G040,1,2026-04-27
G090,G109,0,2026-03-31
G090,G097,0,2026-01-24
G091,G012,0,2026-02-17
G091,G145,0,2026-01-04
G091,G103,0,2026-03-07
G091,G085,0,2026-03-03
G091,G111,0,2026-01-30
G091,G028,0,2026-05-22
G091,G003,0,2026-06-23
G091,G026,0,2026-04-15
G091,G067,0,2026-06-08
G091,G057,1,2026-05-24
G092,G090,0,2026-03-06
G092,G080,1,2026-04-14
G092,G088,0,2026-05-31
G092,G117,0,2026-04-03
G092,G053,0,2026-01-07
G092,G134,0,2026-04-28
G092,G124,0,2026-02-08
G092,G122,0,2026-02-06
G092,G025,1,2026-03-03
G092,G113,0,2026-03-18
G093,G048,0,2026-06-13
G093,G111,0,2026-02-12
G093,G102,0,2026-04-07
G093,G008,1,2026-05-31
G093,G051,0,2026-02-24
G093,G116,0,2026-01-17
G093,G110,0,2026-03-22
G093,G100,0,2026-01-30
G093,G002,1,2026-03-31
G093,G055,0,2026-01-22
G094,G045,1,2026-05-24
G094,G077,0,2026-03-14
G094,G022,0,2026-02-02
G094,G035,1,2026-05-13
G094,G081,0,2026-02-12
G094,G031,0,2026-01-15
G094,G062,0,2026-05-16
G094,G079,0,2026-02-24
G094,G030,1,2026-05-13
G094,G047,0,2026-03-06
G095,G014,0,2026-02-24
G095,G092,0,2026-03-08
G095,G003,0,2026-06-08
G095,G125,0,2026-05-04
G095,G035,0,2026-04-20
G095,G050,1,2026-04-17
G095,G099,0,2026-03-04
G095,G144,0,2026-02-23
G095,G130,0,2026-06-01
G095,G127,0,2026-04-22
G096,G140,0,2026-06-21
G096,G094,0,2026-04-01
G096,G139,0,2026-06-07
G096,G011,0,2026-05-30
G096,G113,0,2026-04-30
G096,G056,0,2026-01-30
G096,G109,0,2026-01-24
G096,G027,0,2026-05-18
G096,G064,0,2026-05-08
G096,G077,0,2026-06-14
G097,G146,0,2026-02-18
G097,G090,0,2026-01-07
G097,G137,0,2026-05-26
G097,G072,0,2026-03-16
G097,G138,0,2026-04-20
G097,G044,0,2026-05-28
G097,G083,0,2026-05-27
G097,G075,0,2026-04-08
G097,G147,0,2026-01-07
G097,G069,0,2026-05-24
G098,G148,0,2026-03-27
G098,G069,0,2026-02-25
G098,G107,0,2026-06-29
G098,G097,0,2026-06-06
G098,G116,0,2026-03-04
G098,G020,0,2026-01-02
G098,G024,0,2026-06-13
G098,G104,0,2026-03-20
G098,G132,0,2026-03-12
G098,G072,0,2026-02-23
G099,G069,0,2026-06-17
G099,G083,1,2026-01-20
G099,G073,0,2026-03-04
G099,G087,0,2026-05-20
G099,G141,0,2026-06-29
G099,G148,0,2026-03-12
G099,G034,1,2026-01-04
G099,G145,0,2026-01-14
G099,G125,0,2026-04-20
G099,G088,1,2026-03-29
G100,G065,0,2026-06-29
G100,G022,0,2026-06-10
G100,G096,0,2026-05-03
G100,G043,0,2026-03-08
G100,G014,1,2026-01-02
G100,G102,0,2026-05-30
G100,G079,0,2026-03-13
G100,G060,0,2026-02-27
G100,G110,1,2026-03-23
G100,G024,0,2026-06-03
G101,G027,0,2026-01-24
G101,G081,0,2026-03-09
G101,G095,0,2026-05-06
G101,G077,0,2026-05-22
G101,G036,0,2026-01-23
G101,G098,0,2026-05-05
G101,G035,1,2026-06-04
G101,G037,0,2026-05-29
G101,G018,0,2026-03-23
G101,G136,0,2026-03-12
G102,G081,0,2026-02-19
G102,G036,0,2026-03-21
G102,G064,0,2026-06-16
G102,G071,0,2026-04-29
G102,G022,0,2026-06-01
G102,G142,0,2026-01-17
G102,G073,0,2026-02-14
G102,G007,0,2026-06-26
G102,G078,0,2026-04-09
G102,G053,1,2026-02-04
G103,G108,0,2026-06-14
G103,G094,0,2026-03-20
G103,G140,0,2026-01-20
G103,G045,0,2026-03-15
G103,G121,0,2026-03-19
G103,G019,1,2026-02-12
G103,G005,0,2026-05-21
G103,G018,0,2026-04-11
G103,G004,0,2026-05-08
G103,G068,0,2026-05-21
G104,G138,0,2026-05-31
G104,G084,1,2026-01-25
G104,G101,0,2026-01-10
G104,G017,0,2026-05-16
G104,G080,0,2026-05-25
G104,G112,0,2026-05-19
G104,G062,0,2026-04-02
G104,G015,0,2026-04-24
G104,G063,0,2026-05-28
G104,G023,0,2026-04-22
G105,G031,0,2026-02-19
G105,G008,0,2026-02-22
G105,G086,0,2026-05-18
G105,G110,0,2026-04-25
G105,G070,0,2026-02-03
G105,G135,0,2026-05-31
G105,G017,0,2026-02-19
G105,G068,1,2026-06-26
G105,G148,0,2026-03-01
G105,G020,0,2026-05-22
G106,G046,0,2026-02-03
G106,G010,1,2026-02-21
G106,G142,0,2026-06-16
G106,G108,0,2026-02-17
G106,G058,0,2026-03-19
G106,G083,0,2026-03-02
G106,G064,0,2026-04-11
G106,G107,0,2026-02-08
G106,G082,0,2026-03-27
G106,G070,0,2026-02-05
G107,G078,1,2026-02-11
G107,G063,0,2026-01-03
G107,G119,0,2026-04-05
G107,G095,1,2026-01-12
G107,G127,0,2026-04-12
G107,G051,0,2026-02-14
G107,G140,0,2026-03-14
G107,G039,0,2026-06-14
G107,G002,0,2026-05-24
G107,G105,0,2026-06-06
G108,G012,1,2026-03-21
G108,G060,1,2026-02-04
G108,G134,1,2026-01-11
G108,G106,0,2026-04-30
G108,G096,0,2026-04-10
G108,G118,0,2026-03-21
G108,G022,0,2026-04-07
G108,G149,0,2026-04-21
G108,G025,1,2026-05-09
G108,G130,1,2026-01-31
G109,G028,0,2026-05-07
G109,G040,0,2026-03-03
G109,G043,1,2026-05-30
G109,G116,1,2026-01-05
G109,G120,0,2026-01-02
G109,G081,0,2026-05-05
G109,G105,0,2026-04-07
G109,G031,1,2026-04-27
G109,G138,0,2026-03-20
G109,G092,0,2026-01-07
G110,G077,0,2026-05-25
G110,G067,1,2026-06-14
G110,G045,0,2026-05-04
G110,G008,0,2026-03-19
G110,G104,1,2026-01-19
G110,G116,0,2026-06-08
G110,G143,1,2026-04-24
G110,G141,0,2026-06-10
G110,G064,1,2026-06-13
G110,G025,0,2026-01-15
G111,G114,0,2026-03-20
G111,G033,1,2026-03-24
G111,G024,0,2026-05-16
G111,G085,0,2026-05-13
G111,G032,1,2026-03-07
G111,G011,0,2026-06-21
G111,G119,0,2026-01-23
G111,G013,0,2026-04-15
G111,G044,0,2026-02-09
G111,G147,0,2026-06-07
G112,G072,0,2026-03-30
G112,G099,0,2026-02-25
G112,G036,1,2026-02-05
G112,G108,0,2026-03-22
G112,G052,0,2026-06-23
G112,G135,0,2026-05-04
G112,G064,1,2026-04-19
G112,G140,0,2026-03-01
G112,G005,0,2026-01-31
G112,G098,0,2026-05-20
G113,G026,0,2026-05-16
G113,G064,0,2026-01-29
G113,G062,1,2026-01-02
G113,G069,0,2026-01-29
G113,G137,1,2026-01-01
G113,G015,0,2026-02-04
G113,G057,0,2026-02-05
G113,G148,0,2026-02-23
G113,G100,0,2026-05-16
G113,G091,0,2026-06-06
G114,G015,0,2026-05-15
G114,G060,0,2026-04-08
G114,G057,1,2026-05-23
G114,G006,0,2026-05-24
G114,G135,0,2026-02-15
G114,G123,0,2026-06-11
G114,G001,0,2026-01-11
G114,G085,0,2026-06-04
G114,G052,1,2026-04-08
G114,G034,1,2026-05-20
G115,G112,0,2026-06-29
G115,G125,0,2026-02-03
G115,G082,0,2026-02-04
G115,G045,0,2026-01-26
G115,G144,0,2026-01-24
G115,G092,1,2026-02-05
G115,G058,0,2026-02-22
G115,G097,1,2026-06-10
G115,G079,0,2026-04-09
G115,G076,1,2026-06-07
G116,G086,0,2026-06-17
G116,G115,1,2026-03-14
G116,G003,0,2026-03-16
G116,G068,0,2026-03-25
G116,G054,0,2026-03-25
G116,G064,1,2026-02-27
G116,G018,0,2026-02-02
G116,G090,0,2026-01-05
G116,G066,1,2026-03-06
G116,G028,0,2026-06-21
G117,G076,0,2026-02-09
G117,G006,0,2026-06-06
G117,G082,0,2026-01-23
G117,G067,0,2026-06-22
G117,G027,0,2026-01-13
G117,G019,0,2026-03-10
G117,G088,1,2026-06-04
G117,G044,0,2026-05-12
G117,G097,0,2026-02-08
G117,G042,0,2026-02-11
G118,G068,1,2026-03-29
G118,G073,0,2026-06-07
G118,G077,0,2026-01-11
G118,G061,0,2026-02-27
G118,G025,0,2026-06-23
G118,G013,1,2026-01-17
G118,G101,0,2026-06-09
G118,G147,0,2026-05-31
G118,G141,1,2026-03-20
G118,G126,0,2026-01-11
G119,G068,0,2026-05-03
G119,G024,0,2026-02-05
G119,G140,1,2026-01-02
G119,G100,0,2026-06-08
G119,G048,0,2026-02-11
G119,G095,0,2026-01-30
G119,G098,0,2026-06-14
G119,G115,0,2026-02-16
G119,G012,1,2026-02-12
G119,G113,0,2026-02-28
G120,G147,0,2026-03-07
G120,G061,0,2026-05-18
G120,G122,0,2026-05-11
G120,G077,0,2026-03-13
G120,G021,1,2026-01-06
G120,G102,0,2026-01-20
G120,G009,1,2026-01-28
G120,G129,0,2026-06-12
G120,G133,1,2026-02-07
G120,G038,0,2026-04-07
G121,G071,0,2026-06-04
G121,G134,0,2026-02-05
G121,G118,0,2026-04-17
G121,G004,0,2026-04-02
G121,G108,0,2026-04-23
G121,G029,0,2026-02-25
G121,G107,0,2026-02-28
G121,G039,1,2026-04-20
G121,G038,0,2026-01-22
G121,G146,0,2026-01-03
G122,G103,0,2026-04-13
G122,G010,0,2026-02-24
G122,G102,0,2026-01-05
G122,G085,1,2026-05-02
G122,G061,1,2026-03-08
G122,G013,0,2026-04-08
G122,G069,0,2026-03-15
G122,G096,0,2026-06-07
G122,G006,0,2026-05-06
G123,G105,0,2026-02-15
G123,G125,0,2026-06-22
G123,G133,1,2026-05-09
G123,G096,0,2026-04-27
G123,G015,1,2026-06-17
G123,G132,0,2026-05-10
G123,G041,1,2026-03-03
G123,G017,0,2026-01-18
G123,G080,0,2026-01-06
G123,G130,1,2026-03-26
G124,G126,1,2026-03-23
G124,G115,1,2026-02-03
G124,G046,0,2026-05-06
G124,G122,0,2026-01-15
G124,G142,1,2026-05-08
G124,G090,0,2026-03-17
G124,G089,0,2026-01-06
G124,G042,1,2026-05-27
G124,G067,0,2026-01-27
G124,G024,0,2026-05-03
G125,G065,0,2026-01-21
G125,G079,0,2026-06-03
G125,G071,1,2026-01-11
G125,G109,0,2026-03-26
G125,G097,0,2026-01-28
G125,G090,0,2026-04-14
G125,G118,0,2026-02-26
G125,G056,1,2026-04-20
G125,G120,0,2026-04-20
G125,G078,0,2026-01-14
G126,G077,0,2026-04-15
G126,G049,0,2026-03-14
G126,G039,1,2026-06-20
G126,G133,0,2026-02-03
G126,G062,0,2026-04-03
G126,G015,0,2026-05-04
G126,G104,0,2026-01-17
G126,G082,0,2026-01-09
G126,G036,0,2026-04-14
G126,G007,0,2026-01-12
G127,G143,0,2026-05-03
G127,G047,0,2026-04-12
G127,G076,1,2026-04-06
G127,G025,1,2026-01-31
G127,G121,0,2026-05-30
G127,G033,0,2026-01-18
G127,G067,0,2026-01-22
G127,G144,1,2026-05-11
G127,G086,0,2026-01-06
G127,G023,0,2026-04-14
G128,G106,0,2026-05-14
G128,G014,0,2026-02-25
G128,G039,1,2026-05-15
G128,G036,1,2026-06-15
G128,G052,1,2026-04-20
G128,G088,1,2026-05-17
G128,G105,0,2026-05-20
G128,G146,0,2026-06-07
G128,G118,1,2026-03-10
G128,G037,0,2026-03-18
G129,G110,0,2026-02-14
G129,G123,1,2026-01-07
G129,G099,1,2026-04-27
G129,G002,1,2026-04-02
G129,G010,0,2026-06-03
G129,G137,0,2026-01-30
G129,G052,1,2026-06-13
G129,G096,0,2026-04-14
G129,G004,0,2026-03-05
G129,G083,0,2026-01-28
G130,G135,1,2026-05-03
G130,G087,0,2026-05-27
G130,G112,1,2026-06-24
G130,G035,0,2026-05-17
G130,G088,0,2026-01-14
G130,G126,0,2026-03-25
G130,G092,0,2026-04-25
G130,G049,0,2026-01-21
G130,G043,1,2026-06-17
G130,G104,0,2026-01-13
G131,G006,0,2026-05-08
G131,G013,0,2026-01-19
G131,G030,0,2026-03-14
G131,G107,1,2026-01-11
G131,G114,0,2026-01-21
G131,G098,0,2026-05-25
G131,G032,0,2026-06-03
G131,G141,0,2026-01-22
G131,G065,1,2026-05-31
G131,G122,0,2026-02-22
G132,G051,0,2026-05-07
G132,G052,0,2026-02-26
G132,G068,1,2026-06-29
G132,G134,1,2026-06-07
G132,G092,0,2026-02-03
G132,G105,0,2026-05-22
G132,G076,0,2026-02-19
G132,G042,0,2026-06-04
G132,G011,0,2026-01-16
G132,G141,1,2026-04-15
G133,G068,0,2026-06-05
G133,G119,0,2026-06-18
G133,G013,0,2026-05-25
G133,G026,0,2026-05-17
G133,G045,0,2026-03-09
G133,G011,0,2026-04-22
G133,G075,0,2026-06-06
G133,G093,0,2026-04-03
G133,G081,1,2026-03-19
G133,G110,0,2026-03-05
G134,G070,0,2026-01-29
G134,G099,0,2026-02-04
G134,G123,0,2026-05-14
G134,G108,0,2026-03-30
G134,G043,0,2026-01-05
G134,G029,0,2026-05-27
G134,G034,0,2026-02-25
G134,G016,1,2026-03-16
G134,G041,0,2026-06-13
G134,G027,1,2026-04-10
G135,G004,0,2026-04-27
G135,G148,0,2026-01-11
G135,G145,0,2026-03-23
G135,G058,1,2026-02-07
G135,G087,0,2026-01-24
G135,G133,1,2026-01-16
G135,G134,0,2026-02-20
G135,G025,0,2026-02-23
G135,G111,0,2026-06-10
G136,G126,0,2026-04-30
G136,G083,1,2026-03-08
G136,G062,0,2026-03-07
G136,G085,0,2026-02-22
G136,G072,0,2026-05-30
G136,G013,0,2026-01-13
G136,G130,1,2026-03-18
G136,G058,0,2026-02-07
G136,G141,0,2026-06-06
G136,G097,0,2026-01-22
G137,G078,0,2026-01-22
G137,G131,0,2026-01-12
G137,G144,1,2026-03-06
G137,G053,1,2026-01-12
G137,G117,1,2026-04-03
G137,G088,0,2026-01-18
G137,G094,0,2026-04-16
G137,G014,0,2026-03-26
G137,G058,0,2026-06-18
G137,G085,0,2026-02-23
G138,G036,0,2026-05-12
G138,G105,0,2026-06-02
G138,G028,0,2026-06-18
G138,G066,0,2026-01-08
G138,G051,0,2026-03-06
G138,G049,0,2026-01-30
G138,G031,0,2026-05-26
G138,G101,0,2026-06-28
G138,G056,0,2026-06-17
G138,G118,0,2026-03-11
G139,G150,0,2026-03-23
G139,G124,0,2026-01-25
G139,G131,0,2026-04-27
G139,G046,1,2026-04-03
G139,G149,0,2026-03-06
G139,G045,0,2026-05-25
G139,G033,0,2026-01-01
G139,G027,0,2026-02-18
G139,G100,0,2026-01-01
G139,G083,0,2026-04-10
G140,G142,0,2026-04-08
G140,G056,0,2026-03-31
G140,G052,0,2026-01-31
G140,G054,0,2026-01-10
G140,G075,0,2026-01-08
G140,G089,0,2026-02-13
G140,G034,1,2026-03-13
G140,G046,0,2026-02-16
G140,G129,1,2026-03-24
G140,G139,0,2026-01-09
G141,G015,0,2026-06-21
G141,G052,0,2026-03-06
G141,G069,0,2026-01-08
G141,G042,0,2026-05-03
G141,G074,0,2026-02-06
G141,G065,0,2026-02-19
G141,G038,0,2026-01-02
G141,G016,0,2026-01-10
G141,G076,1,2026-03-24
G141,G053,0,2026-01-05
G142,G081,0,2026-05-10
G142,G014,0,2026-05-11
G142,G004,1,2026-05-15
G142,G065,0,2026-06-10
G142,G052,1,2026-05-16
G142,G114,0,2026-05-30
G142,G058,0,2026-03-12
G142,G095,0,2026-04-23
G142,G140,1,2026-01-31
G143,G066,0,2026-02-09
G143,G002,0,2026-04-09
G143,G085,0,2026-05-13
G143,G120,0,2026-02-20
G143,G040,1,2026-02-10
G143,G011,0,2026-06-06
G143,G083,1,2026-05-06
G143,G014,0,2026-04-06
G143,G078,0,2026-05-05
G143,G126,0,2026-01-22
G144,G136,0,2026-04-08
G144,G122,0,2026-05-31
G144,G003,0,2026-02-11
G144,G030,0,2026-06-23
G144,G089,0,2026-03-26
G144,G115,0,2026-02-19
G144,G062,0,2026-06-18
G144,G063,1,2026-01-14
G144,G011,1,2026-02-18
G145,G022,0,2026-05-08
G145,G025,1,2026-01-01
G145,G043,0,2026-03-10
G145,G138,0,2026-06-11
G145,G137,0,2026-05-21
G145,G002,1,2026-04-06
G145,G017,1,2026-06-11
G145,G054,1,2026-04-26
G145,G055,0,2026-02-02
G145,G109,0,2026-04-24
G146,G105,0,2026-01-22
G146,G100,1,2026-01-31
G146,G116,1,2026-06-11
G146,G104,0,2026-02-21
G146,G111,1,2026-01-05
G146,G081,0,2026-06-07
G146,G005,0,2026-03-09
G146,G031,0,2026-01-11
G146,G137,1,2026-05-20
G146,G002,0,2026-05-26
G147,G101,1,2026-02-03
G147,G140,0,2026-02-12
G147,G076,0,2026-06-08
G147,G037,1,2026-04-02
G147,G077,1,2026-01-15
G147,G096,0,2026-05-24
G147,G003,1,2026-05-04
G147,G142,0,2026-04-26
G147,G143,0,2026-05-14
G147,G032,0,2026-02-04
G148,G014,0,2026-04-06
G148,G141,0,2026-01-09
G148,G119,0,2026-06-04
G148,G019,1,2026-06-12
G148,G075,0,2026-04-09
G148,G018,0,2026-04-06
G148,G065,0,2026-04-12
G148,G026,0,2026-05-21
G148,G051,0,2026-03-28
G148,G149,0,2026-03-12
G149,G044,0,2026-03-03
G149,G002,0,2026-04-12
G149,G081,0,2026-06-02
G149,G064,0,2026-01-25
G149,G057,0,2026-04-19
G149,G112,0,2026-05-25
G149,G071,0,2026-05-10
G149,G093,0,2026-01-20
G149,G035,1,2026-06-10
G149,G085,0,2026-02-20
G150,G008,0,2026-05-22
G150,G149,1,2026-05-03
G150,G104,0,2026-01-30
G150,G055,0,2026-04-16
G150,G010,1,2026-02-21
G150,G142,0,2026-03-20
G150,G067,0,2026-06-27
G150,G140,0,2026-01-23
G150,G139,0,2026-02-18
G150,G121,0,2026-05-20
