player_id,gamer_tag,age,server,main_game,favorite_games,rank,preferred_role,communication_style,play_style,gaming_goal,gaming_summary,about_me,mbti,preferred_play_time,interests
G001,johnsonjoshua,35,Asia,Counter-Strike 2,"Apex Legends, Counter-Strike 2, Overwatch 2",Diamond,Sentinel,Talkative,Strategic,Rank Push,Competitive Counter-Strike 2 player specializing in Sentinel gameplay. Enjoys rank push with talkative communication. Usually plays during the morning.,I enjoy teamwork. My favorite genres are MOBA and Esports. I am looking for teammates who enjoy rank push.,ISFP,Morning,"Esports, Open World, Technology"
G002,donaldgarcia,26,South America,Rainbow Six Siege,"Rainbow Six Siege, Valorant, Marvel Rivals",Diamond,Duelist,Talkative,Flexible,Casual Fun,Experienced Rainbow Six Siege player specializing in Duelist gameplay. Enjoys casual fun with talkative communication. Usually plays during the evening.,I enjoy competitive matches. My favorite genres are MOBA and MOBA. I am looking for teammates who enjoy casual fun.,INFJ,Evening,"FPS, RPG, MOBA"
G003,garzaanthony,23,Asia,League of Legends,"League of Legends, Apex Legends, Rainbow Six Siege",Diamond,Support,Talkative,Aggressive,Rank Push,Competitive League of Legends player specializing in Support gameplay. Enjoys rank push with talkative communication. Usually plays during the afternoon.,I enjoy teamwork. My favorite genres are MOBA and Technology. I am looking for teammates who enjoy rank push.,ISFJ,Afternoon,"Anime, Indie Games, Esports"
G004,robinsonwilliam,20,Asia,Marvel Rivals,"Marvel Rivals, Apex Legends, Dota 2",Gold,Sentinel,Talkative,Flexible,Tournament Practice,Dedicated Marvel Rivals player specializing in Sentinel gameplay. Enjoys tournament practice with talkative communication. Usually plays during the evening.,I enjoy teamwork. My favorite genres are Esports and FPS. I am looking for teammates who enjoy tournament practice.,ENFP,Evening,"Esports, Anime, Indie Games"
G005,hoffmanjennifer,21,South America,Dota 2,"Marvel Rivals, Rainbow Six Siege, Dota 2",Radiant,Initiator,Balanced,Strategic,Competitive,Passionate Dota 2 player specializing in Initiator gameplay. Enjoys competitive with balanced communication. Usually plays during the evening.,I enjoy competitive matches. My favorite genres are Esports and Strategy. I am looking for teammates who enjoy competitive.,ISFP,Evening,"Strategy, Indie Games, Technology"
G006,lrobinson,34,South America,Counter-Strike 2,"Marvel Rivals, Apex Legends, Counter-Strike 2",Immortal,Flex,Balanced,Objective Focused,Rank Push,Dedicated Counter-Strike 2 player specializing in Flex gameplay. Enjoys rank push with balanced communication. Usually plays during the morning.,I enjoy teamwork. My favorite genres are Streaming and Technology. I am looking for teammates who enjoy rank push.,ISTJ,Morning,"Strategy, Open World, MOBA"
G007,lisa02,25,Middle East,Marvel Rivals,"Dota 2, Apex Legends, Marvel Rivals",Platinum,Initiator,Balanced,Strategic,Finding Long-term Squad,Passionate Marvel Rivals player specializing in Initiator gameplay. Enjoys finding long-term squad with balanced communication. Usually plays during the morning.,I enjoy teamwork. My favorite genres are MOBA and Anime. I am looking for teammates who enjoy finding long-term squad.,ESTJ,Morning,"Indie Games, MOBA, Open World"
G008,jpeterson,32,Asia,Dota 2,"Dota 2, Rainbow Six Siege, Overwatch 2",Gold,Initiator,Quiet,Objective Focused,Competitive,Experienced Dota 2 player specializing in Initiator gameplay. Enjoys competitive with quiet communication. Usually plays during the evening.,I enjoy learning new strategies. My favorite genres are Esports and Streaming. I am looking for teammates who enjoy competitive.,ISFP,Evening,"Open World, RPG, MOBA"
G009,susanrogers,34,Europe,Rainbow Six Siege,"Dota 2, Rainbow Six Siege, Valorant",Silver,Support,Very Talkative,Objective Focused,Finding Long-term Squad,Competitive Rainbow Six Siege player specializing in Support gameplay. Enjoys finding long-term squad with very talkative communication. Usually plays during the afternoon.,I enjoy teamwork. My favorite genres are FPS and Esports. I am looking for teammates who enjoy finding long-term squad.,ENFP,Afternoon,"Esports, Streaming, RPG"
G010,jamesmichael,21,Middle East,Rainbow Six Siege,"Dota 2, Rainbow Six Siege, Marvel Rivals",Gold,Flex,Talkative,Flexible,Tournament Practice,Competitive Rainbow Six Siege player specializing in Flex gameplay. Enjoys tournament practice with talkative communication. Usually plays during the afternoon.,I enjoy learning new strategies. My favorite genres are Technology and Anime. I am looking for teammates who enjoy tournament practice.,ENTP,Afternoon,"FPS, Technology, Anime"
G011,cassandra07,35,Europe,Counter-Strike 2,"Dota 2, Overwatch 2, Counter-Strike 2",Platinum,Sentinel,Quiet,Strategic,Tournament Practice,Passionate Counter-Strike 2 player specializing in Sentinel gameplay. Enjoys tournament practice with quiet communication. Usually plays during the afternoon.,I enjoy teamwork. My favorite genres are MOBA and RPG. I am looking for teammates who enjoy tournament practice.,ISTJ,Afternoon,"FPS, MOBA, Esports"
G012,dudleynicholas,22,South America,Apex Legends,"Apex Legends, Rainbow Six Siege, Marvel Rivals",Radiant,Flex,Talkative,Flexible,Rank Push,Competitive Apex Legends player specializing in Flex gameplay. Enjoys rank push with talkative communication. Usually plays during the afternoon.,I enjoy competitive matches. My favorite genres are Streaming and RPG. I am looking for teammates who enjoy rank push.,ISTP,Afternoon,"Esports, Streaming, Indie Games"
G013,maria95,30,Middle East,Valorant,"Counter-Strike 2, Overwatch 2, Valorant",Bronze,Support,Very Talkative,Aggressive,Finding Long-term Squad,Competitive Valorant player specializing in Support gameplay. Enjoys finding long-term squad with very talkative communication. Usually plays during the late night.,I enjoy learning new strategies. My favorite genres are MOBA and Strategy. I am looking for teammates who enjoy finding long-term squad.,INFP,Late Night,"MOBA, Esports, FPS"
G014,janetwilliams,21,South America,Counter-Strike 2,"Valorant, Rainbow Six Siege, Counter-Strike 2",Ascendant,Tank,Talkative,Supportive,Competitive,Experienced Counter-Strike 2 player specializing in Tank gameplay. Enjoys competitive with talkative communication. Usually plays during the evening.,I enjoy learning new strategies. My favorite genres are Streaming and RPG. I am looking for teammates who enjoy competitive.,ISTP,Evening,"MOBA, Open World, Esports"
G015,kendragalloway,22,Europe,Marvel Rivals,"Overwatch 2, Marvel Rivals, League of Legends",Ascendant,Controller,Talkative,Supportive,Casual Fun,Dedicated Marvel Rivals player specializing in Controller gameplay. Enjoys casual fun with talkative communication. Usually plays during the afternoon.,I enjoy learning new strategies. My favorite genres are Open World and FPS. I am looking for teammates who enjoy casual fun.,ESTP,Afternoon,"Streaming, MOBA, Open World"
G016,michellejames,26,North America,Apex Legends,"Dota 2, Apex Legends, Valorant",Diamond,Sentinel,Balanced,Strategic,Casual Fun,Competitive Apex Legends player specializing in Sentinel gameplay. Enjoys casual fun with balanced communication. Usually plays during the late night.,I enjoy teamwork. My favorite genres are Technology and Streaming. I am looking for teammates who enjoy casual fun.,ISTJ,Late Night,"Strategy, RPG, Technology"
G017,xreid,25,Asia,Valorant,"Counter-Strike 2, Valorant, Dota 2",Silver,Initiator,Very Talkative,Supportive,Finding Long-term Squad,Experienced Valorant player specializing in Initiator gameplay. Enjoys finding long-term squad with very talkative communication. Usually plays during the afternoon.,I enjoy teamwork. My favorite genres are Streaming and Anime. I am looking for teammates who enjoy finding long-term squad.,ISFP,Afternoon,"MOBA, Anime, Technology"
G018,mitchellclark,24,Europe,Apex Legends,"Valorant, Apex Legends, Marvel Rivals",Gold,Initiator,Quiet,Aggressive,Competitive,Experienced Apex Legends player specializing in Initiator gameplay. Enjoys competitive with quiet communication. Usually plays during the evening.,I enjoy competitive matches. My favorite genres are Strategy and MOBA. I am looking for teammates who enjoy competitive.,ISFP,Evening,"RPG, Anime, Streaming"
G019,jacqueline19,21,Europe,Rainbow Six Siege,"Overwatch 2, Rainbow Six Siege, League of Legends",Bronze,Sentinel,Quiet,Supportive,Casual Fun,Dedicated Rainbow Six Siege player specializing in Sentinel gameplay. Enjoys casual fun with quiet communication. Usually plays during the morning.,I enjoy learning new strategies. My favorite genres are Open World and Technology. I am looking for teammates who enjoy casual fun.,ISTJ,Morning,"Streaming, Strategy, Indie Games"
G020,amandasanchez,29,Asia,Valorant,"Counter-Strike 2, Valorant, Overwatch 2",Immortal,Support,Balanced,Flexible,Finding Long-term Squad,Experienced Valorant player specializing in Support gameplay. Enjoys finding long-term squad with balanced communication. Usually plays during the morning.,I enjoy competitive matches. My favorite genres are FPS and Technology. I am looking for teammates who enjoy finding long-term squad.,ISTP,Morning,"Technology, MOBA, Anime"
G021,ogray,35,Asia,Overwatch 2,"Overwatch 2, Dota 2, Marvel Rivals",Diamond,Tank,Quiet,Supportive,Tournament Practice,Experienced Overwatch 2 player specializing in Tank gameplay. Enjoys tournament practice with quiet communication. Usually plays during the evening.,I enjoy competitive matches. My favorite genres are Technology and Strategy. I am looking for teammates who enjoy tournament practice.,INFJ,Evening,"FPS, Streaming, Open World"
G022,gabriellecameron,25,South America,Rainbow Six Siege,"Valorant, Apex Legends, Rainbow Six Siege",Ascendant,Flex,Quiet,Flexible,Competitive,Competitive Rainbow Six Siege player specializing in Flex gameplay. Enjoys competitive with quiet communication. Usually plays during the late night.,I enjoy competitive matches. My favorite genres are Open World and Indie Games. I am looking for teammates who enjoy competitive.,INFP,Late Night,"Esports, Strategy, FPS"
G023,perezantonio,31,Europe,Valorant,"League of Legends, Dota 2, Valorant",Radiant,Controller,Quiet,Flexible,Finding Long-term Squad,Passionate Valorant player specializing in Controller gameplay. Enjoys finding long-term squad with quiet communication. Usually plays during the afternoon.,I enjoy competitive matches. My favorite genres are Esports and Strategy. I am looking for teammates who enjoy finding long-term squad.,ISTP,Afternoon,"Esports, Strategy, RPG"
G024,richard13,25,Middle East,Valorant,"Valorant, Marvel Rivals, League of Legends",Platinum,Controller,Quiet,Strategic,Tournament Practice,Passionate Valorant player specializing in Controller gameplay. Enjoys tournament practice with quiet communication. Usually plays during the evening.,I enjoy learning new strategies. My favorite genres are RPG and Strategy. I am looking for teammates who enjoy tournament practice.,ESTP,Evening,"Streaming, Open World, RPG"
G025,jason76,20,North America,Rainbow Six Siege,"Marvel Rivals, League of Legends, Rainbow Six Siege",Radiant,Controller,Balanced,Strategic,Casual Fun,Competitive Rainbow Six Siege player specializing in Controller gameplay. Enjoys casual fun with balanced communication. Usually plays during the evening.,I enjoy teamwork. My favorite genres are Strategy and Esports. I am looking for teammates who enjoy casual fun.,ESTJ,Evening,"Technology, Indie Games, Anime"
G026,ithomas,33,South America,Dota 2,"Rainbow Six Siege, Dota 2, League of Legends",Bronze,Sentinel,Quiet,Flexible,Finding Long-term Squad,Passionate Dota 2 player specializing in Sentinel gameplay. Enjoys finding long-term squad with quiet communication. Usually plays during the morning.,I enjoy teamwork. My favorite genres are Anime and Streaming. I am looking for teammates who enjoy finding long-term squad.,ISTP,Morning,"Esports, Streaming, Technology"
G027,julieryan,32,Asia,Dota 2,"Overwatch 2, Dota 2, Valorant",Immortal,Support,Quiet,Strategic,Tournament Practice,Passionate Dota 2 player specializing in Support gameplay. Enjoys tournament practice with quiet communication. Usually plays during the afternoon.,I enjoy learning new strategies. My favorite genres are Indie Games and FPS. I am looking for teammates who enjoy tournament practice.,INTJ,Afternoon,"Strategy, FPS, Streaming"
G028,zhurst,25,North America,League of Legends,"Marvel Rivals, Overwatch 2, League of Legends",Platinum,Flex,Balanced,Supportive,Tournament Practice,Dedicated League of Legends player specializing in Flex gameplay. Enjoys tournament practice with balanced communication. Usually plays during the evening.,I enjoy teamwork. My favorite genres are RPG and FPS. I am looking for teammates who enjoy tournament practice.,ISFP,Evening,"MOBA, FPS, Open World"
G029,jeffrey28,23,Europe,Rainbow Six Siege,"Counter-Strike 2, Rainbow Six Siege, Overwatch 2",Bronze,Initiator,Talkative,Strategic,Tournament Practice,Passionate Rainbow Six Siege player specializing in Initiator gameplay. Enjoys tournament practice with talkative communication. Usually plays during the morning.,I enjoy learning new strategies. My favorite genres are Streaming and Anime. I am looking for teammates who enjoy tournament practice.,ENFJ,Morning,"Streaming, MOBA, FPS"
G030,ddavis,35,Middle East,Marvel Rivals,"Overwatch 2, Dota 2, Marvel Rivals",Immortal,DPS,Talkative,Aggressive,Finding Long-term Squad,Dedicated Marvel Rivals player specializing in DPS gameplay. Enjoys finding long-term squad with talkative communication. Usually plays during the afternoon.,I enjoy learning new strategies. My favorite genres are Indie Games and MOBA. I am looking for teammates who enjoy finding long-term squad.,ENTP,Afternoon,"Technology, Anime, MOBA"
G031,hernandezernest,31,Asia,Overwatch 2,"Overwatch 2, Dota 2, Marvel Rivals",Immortal,Flex,Very Talkative,Flexible,Casual Fun,Passionate Overwatch 2 player specializing in Flex gameplay. Enjoys casual fun with very talkative communication. Usually plays during the late night.,I enjoy teamwork. My favorite genres are Open World and Streaming. I am looking for teammates who enjoy casual fun.,INFJ,Late Night,"Indie Games, Streaming, Anime"
G032,ycarlson,28,Asia,Rainbow Six Siege,"Rainbow Six Siege, Counter-Strike 2, Marvel Rivals",Diamond,Flex,Talkative,Flexible,Finding Long-term Squad,Competitive Rainbow Six Siege player specializing in Flex gameplay. Enjoys finding long-term squad with talkative communication. Usually plays during the late night.,I enjoy competitive matches. My favorite genres are Anime and Strategy. I am looking for teammates who enjoy finding long-term squad.,ESTJ,Late Night,"Streaming, Indie Games, FPS"
G033,dcarlson,27,Asia,Rainbow Six Siege,"Counter-Strike 2, Rainbow Six Siege, Marvel Rivals",Platinum,DPS,Quiet,Objective Focused,Competitive,Passionate Rainbow Six Siege player specializing in DPS gameplay. Enjoys competitive with quiet communication. Usually plays during the late night.,I enjoy teamwork. My favorite genres are MOBA and Streaming. I am looking for teammates who enjoy competitive.,ESFP,Late Night,"Indie Games, Anime, RPG"
G034,tasha01,24,South America,Overwatch 2,"Valorant, Overwatch 2, League of Legends",Ascendant,Support,Quiet,Supportive,Casual Fun,Competitive Overwatch 2 player specializing in Support gameplay. Enjoys casual fun with quiet communication. Usually plays during the evening.,I enjoy learning new strategies. My favorite genres are Esports and Anime. I am looking for teammates who enjoy casual fun.,ENFP,Evening,"Esports, RPG, Streaming"
G035,kayla51,33,Asia,Marvel Rivals,"Overwatch 2, Marvel Rivals, Apex Legends",Platinum,Tank,Talkative,Supportive,Competitive,Experienced Marvel Rivals player specializing in Tank gameplay. Enjoys competitive with talkative communication. Usually plays during the evening.,I enjoy competitive matches. My favorite genres are FPS and FPS. I am looking for teammates who enjoy competitive.,INTJ,Evening,"MOBA, FPS, Streaming"
G036,ryan70,22,South America,Dota 2,"Marvel Rivals, Dota 2, Overwatch 2",Radiant,Support,Talkative,Aggressive,Casual Fun,Competitive Dota 2 player specializing in Support gameplay. Enjoys casual fun with talkative communication. Usually plays during the late night.,I enjoy competitive matches. My favorite genres are RPG and MOBA. I am looking for teammates who enjoy casual fun.,ENTP,Late Night,"Strategy, Streaming, MOBA"
G037,teresa28,24,Asia,Rainbow Six Siege,"Overwatch 2, League of Legends, Rainbow Six Siege",Immortal,Sentinel,Quiet,Flexible,Tournament Practice,Dedicated Rainbow Six Siege player specializing in Sentinel gameplay. Enjoys tournament practice with quiet communication. Usually plays during the evening.,I enjoy learning new strategies. My favorite genres are Indie Games and FPS. I am looking for teammates who enjoy tournament practice.,ISFP,Evening,"Streaming, MOBA, Strategy"
G038,harrellkenneth,26,Europe,Rainbow Six Siege,"League of Legends, Marvel Rivals, Rainbow Six Siege",Silver,Initiator,Very Talkative,Flexible,Tournament Practice,Competitive Rainbow Six Siege player specializing in Initiator gameplay. Enjoys tournament practice with very talkative communication. Usually plays during the late night.,I enjoy teamwork. My favorite genres are Streaming and Streaming. I am looking for teammates who enjoy tournament practice.,ISFJ,Late Night,"Indie Games, Esports, Technology"
G039,ericfarmer,30,Middle East,Counter-Strike 2,"Counter-Strike 2, Valorant, Marvel Rivals",Platinum,Initiator,Balanced,Strategic,Rank Push,Dedicated Counter-Strike 2 player specializing in Initiator gameplay. Enjoys rank push with balanced communication. Usually plays during the morning.,I enjoy learning new strategies. My favorite genres are Indie Games and Streaming. I am looking for teammates who enjoy rank push.,INFP,Morning,"Streaming, Open World, RPG"
G040,georgetracy,23,Asia,Dota 2,"Overwatch 2, Dota 2, Valorant",Bronze,DPS,Balanced,Objective Focused,Casual Fun,Experienced Dota 2 player specializing in DPS gameplay. Enjoys casual fun with balanced communication. Usually plays during the morning.,I enjoy learning new strategies. My favorite genres are Indie Games and Indie Games. I am looking for teammates who enjoy casual fun.,ENTJ,Morning,"RPG, Open World, Indie Games"
G041,hickmannatasha,27,Europe,Marvel Rivals,"Marvel Rivals, Apex Legends, Rainbow Six Siege",Immortal,Flex,Very Talkative,Flexible,Casual Fun,Dedicated Marvel Rivals player specializing in Flex gameplay. Enjoys casual fun with very talkative communication. Usually plays during the late night.,I enjoy learning new strategies. My favorite genres are MOBA and Strategy. I am looking for teammates who enjoy casual fun.,ESTJ,Late Night,"Technology, Open World, FPS"
G042,john39,19,Asia,Dota 2,"Dota 2, Marvel Rivals, Apex Legends",Ascendant,Tank,Balanced,Aggressive,Tournament Practice,Passionate Dota 2 player specializing in Tank gameplay. Enjoys tournament practice with balanced communication. Usually plays during the morning.,I enjoy teamwork. My favorite genres are Esports and Open World. I am looking for teammates who enjoy tournament practice.,ESTP,Morning,"Esports, Streaming, Strategy"
G043,millertodd,22,South America,Marvel Rivals,"Valorant, Marvel Rivals, Counter-Strike 2",Radiant,Controller,Very Talkative,Objective Focused,Competitive,Competitive Marvel Rivals player specializing in Controller gameplay. Enjoys competitive with very talkative communication. Usually plays during the afternoon.,I enjoy learning new strategies. My favorite genres are Technology and MOBA. I am looking for teammates who enjoy competitive.,ISFJ,Afternoon,"RPG, Streaming, Open World"
G044,spenceamanda,27,South America,League of Legends,"Marvel Rivals, League of Legends, Apex Legends",Radiant,Sentinel,Quiet,Objective Focused,Competitive,Experienced League of Legends player specializing in Sentinel gameplay. Enjoys competitive with quiet communication. Usually plays during the late night.,I enjoy teamwork. My favorite genres are Streaming and Technology. I am looking for teammates who enjoy competitive.,ENFJ,Late Night,"Streaming, RPG, Strategy"
G045,davidalvarez,28,Middle East,Dota 2,"Counter-Strike 2, Dota 2, Rainbow Six Siege",Radiant,Support,Balanced,Objective Focused,Finding Long-term Squad,Dedicated Dota 2 player specializing in Support gameplay. Enjoys finding long-term squad with balanced communication. Usually plays during the late night.,I enjoy teamwork. My favorite genres are Esports and Indie Games. I am looking for teammates who enjoy finding long-term squad.,ESTP,Late Night,"RPG, Technology, Open World"
G046,josephbrennan,33,South America,Apex Legends,"Dota 2, League of Legends, Apex Legends",Bronze,Initiator,Balanced,Aggressive,Tournament Practice,Competitive Apex Legends player specializing in Initiator gameplay. Enjoys tournament practice with balanced communication. Usually plays during the morning.,I enjoy learning new strategies. My favorite genres are Strategy and Technology. I am looking for teammates who enjoy tournament practice.,ESTP,Morning,"Streaming, Anime, Technology"
G047,ibrandt,32,North America,Counter-Strike 2,"Valorant, Counter-Strike 2, League of Legends",Immortal,Support,Quiet,Objective Focused,Rank Push,Dedicated Counter-Strike 2 player specializing in Support gameplay. Enjoys rank push with quiet communication. Usually plays during the morning.,I enjoy teamwork. My favorite genres are MOBA and Technology. I am looking for teammates who enjoy rank push.,ENFP,Morning,"Strategy, Streaming, FPS"
G048,jenniferross,25,North America,Valorant,"Valorant, Apex Legends, Counter-Strike 2",Bronze,Tank,Balanced,Supportive,Tournament Practice,Passionate Valorant player specializing in Tank gameplay. Enjoys tournament practice with balanced communication. Usually plays during the afternoon.,I enjoy learning new strategies. My favorite genres are Strategy and Strategy. I am looking for teammates who enjoy tournament practice.,ENFP,Afternoon,"RPG, Strategy, Esports"
G049,samuel87,32,North America,Dota 2,"Dota 2, Overwatch 2, Rainbow Six Siege",Radiant,Tank,Very Talkative,Flexible,Casual Fun,Passionate Dota 2 player specializing in Tank gameplay. Enjoys casual fun with very talkative communication. Usually plays during the afternoon.,I enjoy competitive matches. My favorite genres are Indie Games and Streaming. I am looking for teammates who enjoy casual fun.,ENTJ,Afternoon,"Streaming, Esports, Technology"
G050,wrightcaleb,33,Asia,Dota 2,"League of Legends, Dota 2, Overwatch 2",Platinum,DPS,Balanced,Objective Focused,Casual Fun,Passionate Dota 2 player specializing in DPS gameplay. Enjoys casual fun with balanced communication. Usually plays during the evening.,I enjoy competitive matches. My favorite genres are FPS and Indie Games. I am looking for teammates who enjoy casual fun.,INTJ,Evening,"Streaming, Esports, Anime"
G051,chapmanjerry,23,Europe,Rainbow Six Siege,"Rainbow Six Siege, Apex Legends, Dota 2",Diamond,Initiator,Very Talkative,Aggressive,Casual Fun,Dedicated Rainbow Six Siege player specializing in Initiator gameplay. Enjoys casual fun with very talkative communication. Usually plays during the late night.,I enjoy learning new strategies. My favorite genres are Strategy and MOBA. I am looking for teammates who enjoy casual fun.,INTP,Late Night,"Esports, Strategy, Anime"
G052,adrianzimmerman,26,Europe,Marvel Rivals,"Valorant, Marvel Rivals, Apex Legends",Diamond,Flex,Balanced,Supportive,Rank Push,Experienced Marvel Rivals player specializing in Flex gameplay. Enjoys rank push with balanced communication. Usually plays during the late night.,I enjoy teamwork. My favorite genres are Technology and Open World. I am looking for teammates who enjoy rank push.,ENTJ,Late Night,"Open World, MOBA, RPG"
G053,perezrebecca,21,North America,Overwatch 2,"Overwatch 2, League of Legends, Apex Legends",Immortal,Support,Very Talkative,Strategic,Tournament Practice,Experienced Overwatch 2 player specializing in Support gameplay. Enjoys tournament practice with very talkative communication. Usually plays during the morning.,I enjoy learning new strategies. My favorite genres are MOBA and RPG. I am looking for teammates who enjoy tournament practice.,ESTJ,Morning,"Strategy, FPS, Open World"
G054,chad34,31,South America,Marvel Rivals,"Overwatch 2, Marvel Rivals, League of Legends",Silver,Controller,Talkative,Objective Focused,Competitive,Dedicated Marvel Rivals player specializing in Controller gameplay. Enjoys competitive with talkative communication. Usually plays during the late night.,I enjoy learning new strategies. My favorite genres are Open World and Technology. I am looking for teammates who enjoy competitive.,ESTP,Late Night,"MOBA, RPG, Technology"
G055,ilewis,32,Asia,Marvel Rivals,"Rainbow Six Siege, Apex Legends, Marvel Rivals",Ascendant,Sentinel,Quiet,Flexible,Competitive,Dedicated Marvel Rivals player specializing in Sentinel gameplay. Enjoys competitive with quiet communication. Usually plays during the evening.,I enjoy learning new strategies. My favorite genres are Anime and FPS. I am looking for teammates who enjoy competitive.,ENTP,Evening,"MOBA, Esports, FPS"
G056,esanchez,35,North America,Valorant,"Counter-Strike 2, Rainbow Six Siege, Valorant",Platinum,Initiator,Talkative,Aggressive,Finding Long-term Squad,Experienced Valorant player specializing in Initiator gameplay. Enjoys finding long-term squad with talkative communication. Usually plays during the afternoon.,I enjoy competitive matches. My favorite genres are Strategy and Indie Games. I am looking for teammates who enjoy finding long-term squad.,ENFJ,Afternoon,"Streaming, Strategy, MOBA"
G057,glee,33,Europe,Valorant,"Overwatch 2, Valorant, Counter-Strike 2",Bronze,Support,Talkative,Objective Focused,Casual Fun,Dedicated Valorant player specializing in Support gameplay. Enjoys casual fun with talkative communication. Usually plays during the morning.,I enjoy teamwork. My favorite genres are Strategy and Technology. I am looking for teammates who enjoy casual fun.,INFP,Morning,"RPG, Anime, MOBA"
G058,agomez,28,Middle East,Dota 2,"Overwatch 2, Rainbow Six Siege, Dota 2",Platinum,Duelist,Balanced,Flexible,Rank Push,Passionate Dota 2 player specializing in Duelist gameplay. Enjoys rank push with balanced communication. Usually plays during the morning.,I enjoy competitive matches. My favorite genres are MOBA and RPG. I am looking for teammates who enjoy rank push.,ESFP,Morning,"Indie Games, Strategy, MOBA"
G059,dshields,28,North America,Apex Legends,"Dota 2, Marvel Rivals, Apex Legends",Ascendant,DPS,Balanced,Flexible,Finding Long-term Squad,Competitive Apex Legends player specializing in DPS gameplay. Enjoys finding long-term squad with balanced communication. Usually plays during the late night.,I enjoy learning new strategies. My favorite genres are Open World and Esports. I am looking for teammates who enjoy finding long-term squad.,ENTP,Late Night,"RPG, Technology, Open World"
G060,brownjessica,22,North America,Counter-Strike 2,"Counter-Strike 2, Valorant, League of Legends",Immortal,Support,Balanced,Supportive,Competitive,Competitive Counter-Strike 2 player specializing in Support gameplay. Enjoys competitive with balanced communication. Usually plays during the late night.,I enjoy teamwork. My favorite genres are MOBA and Technology. I am looking for teammates who enjoy competitive.,ENTJ,Late Night,"Open World, FPS, Anime"
G061,wrightjames,21,South America,Counter-Strike 2,"League of Legends, Counter-Strike 2, Apex Legends",Ascendant,DPS,Very Talkative,Supportive,Finding Long-term Squad,Competitive Counter-Strike 2 player specializing in DPS gameplay. Enjoys finding long-term squad with very talkative communication. Usually plays during the evening.,I enjoy learning new strategies. My favorite genres are Open World and Esports. I am looking for teammates who enjoy finding long-term squad.,ESFJ,Evening,"Anime, Open World, Indie Games"
G062,ltaylor,30,North America,Counter-Strike 2,"Rainbow Six Siege, Valorant, Counter-Strike 2",Platinum,DPS,Very Talkative,Objective Focused,Casual Fun,Dedicated Counter-Strike 2 player specializing in DPS gameplay. Enjoys casual fun with very talkative communication. Usually plays during the morning.,I enjoy learning new strategies. My favorite genres are Streaming and Anime. I am looking for teammates who enjoy casual fun.,INFP,Morning,"MOBA, Strategy, FPS"
G063,steven17,23,Middle East,Counter-Strike 2,"Overwatch 2, Valorant, Counter-Strike 2",Platinum,DPS,Quiet,Flexible,Casual Fun,Dedicated Counter-Strike 2 player specializing in DPS gameplay. Enjoys casual fun with quiet communication. Usually plays during the afternoon.,I enjoy learning new strategies. My favorite genres are Anime and Indie Games. I am looking for teammates who enjoy casual fun.,ESFJ,Afternoon,"Indie Games, FPS, MOBA"
G064,williamsyvette,34,South America,Marvel Rivals,"Marvel Rivals, League of Legends, Dota 2",Immortal,Flex,Quiet,Flexible,Casual Fun,Dedicated Marvel Rivals player specializing in Flex gameplay. Enjoys casual fun with quiet communication. Usually plays during the afternoon.,I enjoy competitive matches. My favorite genres are MOBA and Streaming. I am looking for teammates who enjoy casual fun.,ENTP,Afternoon,"Streaming, FPS, Esports"
G065,novaksara,22,Middle East,League of Legends,"Overwatch 2, League of Legends, Rainbow Six Siege",Bronze,Duelist,Talkative,Supportive,Competitive,Dedicated League of Legends player specializing in Duelist gameplay. Enjoys competitive with talkative communication. Usually plays during the afternoon.,I enjoy competitive matches. My favorite genres are MOBA and FPS. I am looking for teammates who enjoy competitive.,ISTJ,Afternoon,"Technology, Open World, Esports"
G066,gabrieltucker,28,Asia,Overwatch 2,"Valorant, Overwatch 2, Apex Legends",Immortal,Duelist,Quiet,Aggressive,Tournament Practice,Passionate Overwatch 2 player specializing in Duelist gameplay. Enjoys tournament practice with quiet communication. Usually plays during the morning.,I enjoy learning new strategies. My favorite genres are Technology and Technology. I am looking for teammates who enjoy tournament practice.,ESTJ,Morning,"Strategy, RPG, Anime"
G067,michellebarrera,34,South America,Counter-Strike 2,"Rainbow Six Siege, Apex Legends, Counter-Strike 2",Silver,Sentinel,Quiet,Objective Focused,Tournament Practice,Dedicated Counter-Strike 2 player specializing in Sentinel gameplay. Enjoys tournament practice with quiet communication. Usually plays during the morning.,I enjoy learning new strategies. My favorite genres are Anime and Esports. I am looking for teammates who enjoy tournament practice.,ISTP,Morning,"Open World, Esports, Anime"
G068,nicholasgalloway,28,Europe,Overwatch 2,"Overwatch 2, Dota 2, Marvel Rivals",Platinum,Controller,Talkative,Supportive,Competitive,Competitive Overwatch 2 player specializing in Controller gameplay. Enjoys competitive with talkative communication. Usually plays during the afternoon.,I enjoy teamwork. My favorite genres are RPG and RPG. I am looking for teammates who enjoy competitive.,INFJ,Afternoon,"Anime, Strategy, RPG"
G069,sara74,20,South America,Counter-Strike 2,"Rainbow Six Siege, Counter-Strike 2, Valorant",Radiant,Tank,Balanced,Objective Focused,Rank Push,Dedicated Counter-Strike 2 player specializing in Tank gameplay. Enjoys rank push with balanced communication. Usually plays during the evening.,I enjoy competitive matches. My favorite genres are RPG and FPS. I am looking for teammates who enjoy rank push.,ENTJ,Evening,"Indie Games, Open World, Technology"
G070,uhorton,19,Middle East,Dota 2,"Overwatch 2, Dota 2, Valorant",Bronze,Flex,Talkative,Supportive,Finding Long-term Squad,Competitive Dota 2 player specializing in Flex gameplay. Enjoys finding long-term squad with talkative communication. Usually plays during the late night.,I enjoy competitive matches. My favorite genres are MOBA and Anime. I am looking for teammates who enjoy finding long-term squad.,INFJ,Late Night,"Esports, RPG, Open World"
G071,smoore,22,North America,Apex Legends,"Apex Legends, Marvel Rivals, League of Legends",Ascendant,Tank,Quiet,Flexible,Casual Fun,Competitive Apex Legends player specializing in Tank gameplay. Enjoys casual fun with quiet communication. Usually plays during the morning.,I enjoy competitive matches. My favorite genres are MOBA and Open World. I am looking for teammates who enjoy casual fun.,ESTJ,Morning,"Anime, MOBA, Strategy"
G072,tanyariley,18,North America,Overwatch 2,"Overwatch 2, Dota 2, League of Legends",Immortal,Initiator,Very Talkative,Supportive,Finding Long-term Squad,Experienced Overwatch 2 player specializing in Initiator gameplay. Enjoys finding long-term squad with very talkative communication. Usually plays during the late night.,I enjoy learning new strategies. My favorite genres are Open World and MOBA. I am looking for teammates who enjoy finding long-term squad.,ESTJ,Late Night,"Anime, Streaming, Strategy"
G073,adkinsbrian,30,North America,Rainbow Six Siege,"League of Legends, Rainbow Six Siege, Valorant",Radiant,Sentinel,Talkative,Strategic,Competitive,Competitive Rainbow Six Siege player specializing in Sentinel gameplay. Enjoys competitive with talkative communication. Usually plays during the morning.,I enjoy learning new strategies. My favorite genres are Open World and Open World. I am looking for teammates who enjoy competitive.,ISFJ,Morning,"Strategy, Indie Games, Open World"
G074,hshaw,32,South America,Apex Legends,"Marvel Rivals, Dota 2, Apex Legends",Bronze,DPS,Balanced,Strategic,Tournament Practice,Experienced Apex Legends player specializing in DPS gameplay. Enjoys tournament practice with balanced communication. Usually plays during the evening.,I enjoy learning new strategies. My favorite genres are Esports and Streaming. I am looking for teammates who enjoy tournament practice.,ESTP,Evening,"RPG, Streaming, Technology"
G075,brianromero,31,Europe,League of Legends,"Apex Legends, League of Legends, Rainbow Six Siege",Platinum,Initiator,Balanced,Aggressive,Tournament Practice,Competitive League of Legends player specializing in Initiator gameplay. Enjoys tournament practice with balanced communication. Usually plays during the evening.,I enjoy competitive matches. My favorite genres are MOBA and Strategy. I am looking for teammates who enjoy tournament practice.,ENTP,Evening,"MOBA, Esports, RPG"
G076,caseyjones,22,Asia,Overwatch 2,"Overwatch 2, Apex Legends, Valorant",Immortal,Duelist,Quiet,Objective Focused,Casual Fun,Competitive Overwatch 2 player specializing in Duelist gameplay. Enjoys casual fun with quiet communication. Usually plays during the afternoon.,I enjoy competitive matches. My favorite genres are Esports and FPS. I am looking for teammates who enjoy casual fun.,ISTP,Afternoon,"Strategy, FPS, Streaming"
G077,richarddavid,27,Europe,Dota 2,"Valorant, Dota 2, Rainbow Six Siege",Radiant,Flex,Very Talkative,Aggressive,Rank Push,Experienced Dota 2 player specializing in Flex gameplay. Enjoys rank push with very talkative communication. Usually plays during the evening.,I enjoy learning new strategies. My favorite genres are Indie Games and Open World. I am looking for teammates who enjoy rank push.,ENFJ,Evening,"MOBA, FPS, Esports"
G078,bethwilliams,23,Middle East,League of Legends,"Apex Legends, Marvel Rivals, League of Legends",Radiant,Controller,Very Talkative,Flexible,Finding Long-term Squad,Experienced League of Legends player specializing in Controller gameplay. Enjoys finding long-term squad with very talkative communication. Usually plays during the morning.,I enjoy competitive matches. My favorite genres are Technology and FPS. I am looking for teammates who enjoy finding long-term squad.,ENFP,Morning,"MOBA, Open World, Anime"
G079,barnesbrandy,28,Middle East,Counter-Strike 2,"Apex Legends, Counter-Strike 2, League of Legends",Bronze,DPS,Quiet,Aggressive,Tournament Practice,Competitive Counter-Strike 2 player specializing in DPS gameplay. Enjoys tournament practice with quiet communication. Usually plays during the evening.,I enjoy competitive matches. My favorite genres are MOBA and Anime. I am looking for teammates who enjoy tournament practice.,ISTJ,Evening,"Strategy, FPS, Anime"
G080,sarah35,35,Europe,Overwatch 2,"Overwatch 2, Apex Legends, Valorant",Radiant,Flex,Talkative,Strategic,Rank Push,Dedicated Overwatch 2 player specializing in Flex gameplay. Enjoys rank push with talkative communication. Usually plays during the late night.,I enjoy teamwork. My favorite genres are FPS and Esports. I am looking for teammates who enjoy rank push.,INTP,Late Night,"RPG, Streaming, FPS"
G081,josephanderson,29,North America,Rainbow Six Siege,"Rainbow Six Siege, Counter-Strike 2, Apex Legends",Ascendant,Duelist,Balanced,Supportive,Rank Push,Passionate Rainbow Six Siege player specializing in Duelist gameplay. Enjoys rank push with balanced communication. Usually plays during the evening.,I enjoy learning new strategies. My favorite genres are RPG and Technology. I am looking for teammates who enjoy rank push.,ISFP,Evening,"Open World, Streaming, MOBA"
G082,stephen10,29,Asia,League of Legends,"Rainbow Six Siege, Overwatch 2, League of Legends",Immortal,Initiator,Balanced,Supportive,Rank Push,Dedicated League of Legends player specializing in Initiator gameplay. Enjoys rank push with balanced communication. Usually plays during the morning.,I enjoy competitive matches. My favorite genres are RPG and Indie Games. I am looking for teammates who enjoy rank push.,ESTJ,Morning,"RPG, FPS, Anime"
G083,khowell,29,North America,League of Legends,"Valorant, Counter-Strike 2, League of Legends",Bronze,Controller,Quiet,Supportive,Finding Long-term Squad,Experienced League of Legends player specializing in Controller gameplay. Enjoys finding long-term squad with quiet communication. Usually plays during the afternoon.,I enjoy learning new strategies. My favorite genres are RPG and FPS. I am looking for teammates who enjoy finding long-term squad.,INTJ,Afternoon,"Technology, FPS, Strategy"
G084,jonesjason,33,North America,Dota 2,"Valorant, Dota 2, League of Legends",Ascendant,Flex,Very Talkative,Objective Focused,Competitive,Dedicated Dota 2 player specializing in Flex gameplay. Enjoys competitive with very talkative communication. Usually plays during the evening.,I enjoy learning new strategies. My favorite genres are Streaming and Esports. I am looking for teammates who enjoy competitive.,ISTP,Evening,"Open World, Technology, MOBA"
G085,david51,20,North America,Marvel Rivals,"Marvel Rivals, League of Legends, Valorant",Radiant,Sentinel,Balanced,Flexible,Competitive,Competitive Marvel Rivals player specializing in Sentinel gameplay. Enjoys competitive with balanced communication. Usually plays during the morning.,I enjoy competitive matches. My favorite genres are Strategy and RPG. I am looking for teammates who enjoy competitive.,INFJ,Morning,"Open World, Indie Games, Streaming"
G086,mikemoore,20,Europe,Marvel Rivals,"Apex Legends, Marvel Rivals, Overwatch 2",Gold,Support,Talkative,Aggressive,Competitive,Passionate Marvel Rivals player specializing in Support gameplay. Enjoys competitive with talkative communication. Usually plays during the afternoon.,I enjoy teamwork. My favorite genres are Anime and Open World. I am looking for teammates who enjoy competitive.,ENFP,Afternoon,"MOBA, Streaming, Technology"
G087,cheryl80,22,Middle East,Dota 2,"Counter-Strike 2, Dota 2, Marvel Rivals",Immortal,DPS,Very Talkative,Strategic,Casual Fun,Passionate Dota 2 player specializing in DPS gameplay. Enjoys casual fun with very talkative communication. Usually plays during the morning.,I enjoy learning new strategies. My favorite genres are Open World and Anime. I am looking for teammates who enjoy casual fun.,ESTP,Morning,"Technology, Open World, FPS"
G088,sarah12,27,Middle East,Counter-Strike 2,"Overwatch 2, Counter-Strike 2, League of Legends",Gold,Tank,Talkative,Strategic,Casual Fun,Dedicated Counter-Strike 2 player specializing in Tank gameplay. Enjoys casual fun with talkative communication. Usually plays during the afternoon.,I enjoy teamwork. My favorite genres are Streaming and Esports. I am looking for teammates who enjoy casual fun.,ESFJ,Afternoon,"Indie Games, Open World, MOBA"
G089,darrell18,18,Middle East,Apex Legends,"Apex Legends, League of Legends, Counter-Strike 2",Gold,Initiator,Balanced,Objective Focused,Rank Push,Competitive Apex Legends player specializing in Initiator gameplay. Enjoys rank push with balanced communication. Usually plays during the morning.,I enjoy learning new strategies. My favorite genres are Indie Games and Streaming. I am looking for teammates who enjoy rank push.,ENTJ,Morning,"RPG, Open World, Streaming"
G090,josephjacobs,28,South America,Marvel Rivals,"Counter-Strike 2, Marvel Rivals, Apex Legends",Platinum,DPS,Balanced,Flexible,Rank Push,Passionate Marvel Rivals player specializing in DPS gameplay. Enjoys rank push with balanced communication. Usually plays during the morning.,I enjoy competitive matches. My favorite genres are RPG and RPG. I am looking for teammates who enjoy rank push.,INFP,Morning,"Anime, Indie Games, Technology"
G091,james48,25,North America,Apex Legends,"Apex Legends, Rainbow Six Siege, Marvel Rivals",Silver,Support,Talkative,Flexible,Rank Push,Experienced Apex Legends player specializing in Support gameplay. Enjoys rank push with talkative communication. Usually plays during the evening.,I enjoy teamwork. My favorite genres are MOBA and FPS. I am looking for teammates who enjoy rank push.,ESTP,Evening,"Strategy, Anime, Open World"
G092,dking,19,Europe,Rainbow Six Siege,"Overwatch 2, Rainbow Six Siege, Counter-Strike 2",Radiant,Flex,Quiet,Supportive,Tournament Practice,Passionate Rainbow Six Siege player specializing in Flex gameplay. Enjoys tournament practice with quiet communication. Usually plays during the morning.,I enjoy learning new strategies. My favorite genres are RPG and Esports. I am looking for teammates who enjoy tournament practice.,ENTJ,Morning,"Streaming, RPG, Open World"
G093,waltersmaria,35,Middle East,Marvel Rivals,"Dota 2, Overwatch 2, Marvel Rivals",Bronze,Controller,Quiet,Strategic,Casual Fun,Dedicated Marvel Rivals player specializing in Controller gameplay. Enjoys casual fun with quiet communication. Usually plays during the evening.,I enjoy teamwork. My favorite genres are Technology and FPS. I am looking for teammates who enjoy casual fun.,ISTP,Evening,"Streaming, MOBA, Technology"
G094,smithkellie,19,Middle East,Dota 2,"Marvel Rivals, Dota 2, Rainbow Six Siege",Diamond,Controller,Talkative,Aggressive,Tournament Practice,Dedicated Dota 2 player specializing in Controller gameplay. Enjoys tournament practice with talkative communication. Usually plays during the evening.,I enjoy teamwork. My favorite genres are Esports and Indie Games. I am looking for teammates who enjoy tournament practice.,ESTJ,Evening,"FPS, Strategy, Anime"
G095,evan78,27,Middle East,Dota 2,"Dota 2, Apex Legends, Marvel Rivals",Radiant,Initiator,Talkative,Supportive,Finding Long-term Squad,Passionate Dota 2 player specializing in Initiator gameplay. Enjoys finding long-term squad with talkative communication. Usually plays during the evening.,I enjoy learning new strategies. My favorite genres are Streaming and Indie Games. I am looking for teammates who enjoy finding long-term squad.,INFP,Evening,"RPG, FPS, Anime"
G096,hhoffman,22,Asia,Overwatch 2,"Overwatch 2, Marvel Rivals, League of Legends",Immortal,Tank,Very Talkative,Objective Focused,Tournament Practice,Competitive Overwatch 2 player specializing in Tank gameplay. Enjoys tournament practice with very talkative communication. Usually plays during the evening.,I enjoy learning new strategies. My favorite genres are RPG and Strategy. I am looking for teammates who enjoy tournament practice.,ENFP,Evening,"Esports, FPS, MOBA"
G097,landryhannah,33,Asia,Rainbow Six Siege,"Rainbow Six Siege, Overwatch 2, Counter-Strike 2",Radiant,Support,Quiet,Strategic,Tournament Practice,Passionate Rainbow Six Siege player specializing in Support gameplay. Enjoys tournament practice with quiet communication. Usually plays during the afternoon.,I enjoy learning new strategies. My favorite genres are FPS and Strategy. I am looking for teammates who enjoy tournament practice.,ISFP,Afternoon,"Open World, Technology, Anime"
G098,amydavenport,33,South America,Apex Legends,"Rainbow Six Siege, Apex Legends, Dota 2",Ascendant,Support,Balanced,Objective Focused,Tournament Practice,Dedicated Apex Legends player specializing in Support gameplay. Enjoys tournament practice with balanced communication. Usually plays during the afternoon.,I enjoy learning new strategies. My favorite genres are Streaming and Esports. I am looking for teammates who enjoy tournament practice.,ENFP,Afternoon,"Anime, RPG, Indie Games"
G099,russellwilliams,24,North America,Marvel Rivals,"Marvel Rivals, League of Legends, Rainbow Six Siege",Silver,DPS,Quiet,Supportive,Competitive,Dedicated Marvel Rivals player specializing in DPS gameplay. Enjoys competitive with quiet communication. Usually plays during the evening.,I enjoy learning new strategies. My favorite genres are MOBA and Anime. I am looking for teammates who enjoy competitive.,INTP,Evening,"Esports, Open World, Streaming"
G100,rachel05,18,Europe,Marvel Rivals,"League of Legends, Rainbow Six Siege, Marvel Rivals",Silver,Sentinel,Talkative,Aggressive,Finding Long-term Squad,Competitive Marvel Rivals player specializing in Sentinel gameplay. Enjoys finding long-term squad with talkative communication. Usually plays during the afternoon.,I enjoy teamwork. My favorite genres are Technology and Anime. I am looking for teammates who enjoy finding long-term squad.,ENFP,Afternoon,"Open World, Strategy, Technology"
G101,evelynestrada,27,South America,Dota 2,"Rainbow Six Siege, Dota 2, Valorant",Platinum,Tank,Balanced,Supportive,Rank Push,Competitive Dota 2 player specializing in Tank gameplay. Enjoys rank push with balanced communication. Usually plays during the morning.,I enjoy teamwork. My favorite genres are Technology and Strategy. I am looking for teammates who enjoy rank push.,ENFP,Morning,"FPS, Indie Games, Streaming"
G102,kimberly69,23,North America,Counter-Strike 2,"Counter-Strike 2, League of Legends, Marvel Rivals",Diamond,Flex,Quiet,Strategic,Finding Long-term Squad,Experienced Counter-Strike 2 player specializing in Flex gameplay. Enjoys finding long-term squad with quiet communication. Usually plays during the late night.,I enjoy teamwork. My favorite genres are Anime and Strategy. I am looking for teammates who enjoy finding long-term squad.,ISTJ,Late Night,"FPS, Anime, Streaming"
G103,sarayoung,32,Europe,Rainbow Six Siege,"Apex Legends, Rainbow Six Siege, Valorant",Immortal,DPS,Balanced,Aggressive,Tournament Practice,Experienced Rainbow Six Siege player specializing in DPS gameplay. Enjoys tournament practice with balanced communication. Usually plays during the morning.,I enjoy competitive matches. My favorite genres are Anime and Esports. I am looking for teammates who enjoy tournament practice.,INFP,Morning,"Streaming, Anime, Indie Games"
G104,theresacochran,29,North America,Valorant,"Valorant, League of Legends, Counter-Strike 2",Ascendant,Sentinel,Very Talkative,Aggressive,Tournament Practice,Passionate Valorant player specializing in Sentinel gameplay. Enjoys tournament practice with very talkative communication. Usually plays during the evening.,I enjoy learning new strategies. My favorite genres are Open World and Streaming. I am looking for teammates who enjoy tournament practice.,INFP,Evening,"Indie Games, Esports, Open World"
G105,vjohnson,20,South America,Apex Legends,"Apex Legends, Overwatch 2, Marvel Rivals",Gold,Flex,Balanced,Flexible,Finding Long-term Squad,Experienced Apex Legends player specializing in Flex gameplay. Enjoys finding long-term squad with balanced communication. Usually plays during the late night.,I enjoy learning new strategies. My favorite genres are Indie Games and MOBA. I am looking for teammates who enjoy finding long-term squad.,ENFJ,Late Night,"Indie Games, MOBA, FPS"
G106,kimberly63,34,Middle East,Rainbow Six Siege,"Valorant, Rainbow Six Siege, Dota 2",Gold,Initiator,Balanced,Objective Focused,Tournament Practice,Passionate Rainbow Six Siege player specializing in Initiator gameplay. Enjoys tournament practice with balanced communication. Usually plays during the morning.,I enjoy teamwork. My favorite genres are Open World and RPG. I am looking for teammates who enjoy tournament practice.,ENFJ,Morning,"Technology, RPG, FPS"
G107,erik16,27,North America,Dota 2,"League of Legends, Dota 2, Valorant",Bronze,DPS,Balanced,Aggressive,Competitive,Passionate Dota 2 player specializing in DPS gameplay. Enjoys competitive with balanced communication. Usually plays during the morning.,I enjoy competitive matches. My favorite genres are MOBA and Open World. I am looking for teammates who enjoy competitive.,INTP,Morning,"Technology, Strategy, Open World"
G108,garrisonjeffrey,18,North America,League of Legends,"Marvel Rivals, League of Legends, Counter-Strike 2",Immortal,Flex,Quiet,Flexible,Rank Push,Competitive League of Legends player specializing in Flex gameplay. Enjoys rank push with quiet communication. Usually plays during the afternoon.,I enjoy teamwork. My favorite genres are Open World and Technology. I am looking for teammates who enjoy rank push.,ESFJ,Afternoon,"FPS, Streaming, RPG"
G109,ybailey,25,Middle East,League of Legends,"Overwatch 2, League of Legends, Dota 2",Immortal,Sentinel,Talkative,Flexible,Casual Fun,Experienced League of Legends player specializing in Sentinel gameplay. Enjoys casual fun with talkative communication. Usually plays during the afternoon.,I enjoy learning new strategies. My favorite genres are MOBA and FPS. I am looking for teammates who enjoy casual fun.,ISTJ,Afternoon,"Esports, MOBA, Open World"
G110,jeffreykeller,28,South America,Valorant,"Valorant, Apex Legends, League of Legends",Bronze,Sentinel,Very Talkative,Flexible,Tournament Practice,Competitive Valorant player specializing in Sentinel gameplay. Enjoys tournament practice with very talkative communication. Usually plays during the afternoon.,I enjoy teamwork. My favorite genres are Open World and Streaming. I am looking for teammates who enjoy tournament practice.,ENFJ,Afternoon,"Esports, Streaming, Strategy"
G111,emurphy,31,South America,Rainbow Six Siege,"Rainbow Six Siege, Overwatch 2, Dota 2",Diamond,Tank,Very Talkative,Objective Focused,Finding Long-term Squad,Passionate Rainbow Six Siege player specializing in Tank gameplay. Enjoys finding long-term squad with very talkative communication. Usually plays during the afternoon.,I enjoy teamwork. My favorite genres are Anime and Technology. I am looking for teammates who enjoy finding long-term squad.,ISFP,Afternoon,"Strategy, Streaming, Technology"
G112,michael86,24,Middle East,Apex Legends,"Marvel Rivals, Counter-Strike 2, Apex Legends",Radiant,Sentinel,Talkative,Supportive,Competitive,Passionate Apex Legends player specializing in Sentinel gameplay. Enjoys competitive with talkative communication. Usually plays during the late night.,I enjoy competitive matches. My favorite genres are Open World and Open World. I am looking for teammates who enjoy competitive.,INTP,Late Night,"Anime, MOBA, RPG"
G113,sheila14,18,Asia,Overwatch 2,"Overwatch 2, Counter-Strike 2, Rainbow Six Siege",Platinum,Duelist,Balanced,Flexible,Finding Long-term Squad,Experienced Overwatch 2 player specializing in Duelist gameplay. Enjoys finding long-term squad with balanced communication. Usually plays during the morning.,I enjoy learning new strategies. My favorite genres are Open World and Esports. I am looking for teammates who enjoy finding long-term squad.,ENTJ,Morning,"Esports, Indie Games, MOBA"
G114,beverlyterrell,32,Europe,Dota 2,"Dota 2, Apex Legends, League of Legends",Platinum,DPS,Talkative,Objective Focused,Casual Fun,Passionate Dota 2 player specializing in DPS gameplay. Enjoys casual fun with talkative communication. Usually plays during the evening.,I enjoy learning new strategies. My favorite genres are Anime and Streaming. I am looking for teammates who enjoy casual fun.,ISTP,Evening,"MOBA, RPG, Anime"
G115,rodriguezryan,24,North America,Rainbow Six Siege,"Marvel Rivals, Rainbow Six Siege, League of Legends",Ascendant,DPS,Very Talkative,Objective Focused,Competitive,Dedicated Rainbow Six Siege player specializing in DPS gameplay. Enjoys competitive with very talkative communication. Usually plays during the afternoon.,I enjoy learning new strategies. My favorite genres are Indie Games and Indie Games. I am looking for teammates who enjoy competitive.,INTJ,Afternoon,"Anime, Esports, Technology"
G116,samuel81,34,South America,Rainbow Six Siege,"Counter-Strike 2, Rainbow Six Siege, Overwatch 2",Ascendant,Tank,Quiet,Flexible,Tournament Practice,Experienced Rainbow Six Siege player specializing in Tank gameplay. Enjoys tournament practice with quiet communication. Usually plays during the afternoon.,I enjoy teamwork. My favorite genres are Open World and RPG. I am looking for teammates who enjoy tournament practice.,ESFJ,Afternoon,"FPS, MOBA, Indie Games"
G117,mlam,18,South America,Valorant,"League of Legends, Valorant, Marvel Rivals",Gold,Sentinel,Very Talkative,Strategic,Rank Push,Dedicated Valorant player specializing in Sentinel gameplay. Enjoys rank push with very talkative communication. Usually plays during the afternoon.,I enjoy teamwork. My favorite genres are Indie Games and Indie Games. I am looking for teammates who enjoy rank push.,ESTP,Afternoon,"Open World, Indie Games, Technology"
G118,bradley60,29,Asia,Valorant,"Valorant, Apex Legends, Overwatch 2",Diamond,Tank,Very Talkative,Objective Focused,Tournament Practice,Competitive Valorant player specializing in Tank gameplay. Enjoys tournament practice with very talkative communication. Usually plays during the afternoon.,I enjoy learning new strategies. My favorite genres are Strategy and Esports. I am looking for teammates who enjoy tournament practice.,ENTP,Afternoon,"Streaming, Technology, MOBA"
G119,michaeljones,23,South America,Overwatch 2,"Rainbow Six Siege, Overwatch 2, Valorant",Radiant,Sentinel,Talkative,Supportive,Rank Push,Passionate Overwatch 2 player specializing in Sentinel gameplay. Enjoys rank push with talkative communication. Usually plays during the morning.,I enjoy competitive matches. My favorite genres are Technology and Open World. I am looking for teammates who enjoy rank push.,ENTJ,Morning,"MOBA, RPG, Technology"
G120,cindy14,28,Middle East,Overwatch 2,"Marvel Rivals, League of Legends, Overwatch 2",Silver,Duelist,Talkative,Strategic,Finding Long-term Squad,Competitive Overwatch 2 player specializing in Duelist gameplay. Enjoys finding long-term squad with talkative communication. Usually plays during the late night.,I enjoy teamwork. My favorite genres are Streaming and Open World. I am looking for teammates who enjoy finding long-term squad.,ISTJ,Late Night,"FPS, Esports, Strategy"
G121,elizabeth56,31,Asia,League of Legends,"Overwatch 2, Apex Legends, League of Legends",Diamond,Initiator,Talkative,Objective Focused,Tournament Practice,Experienced League of Legends player specializing in Initiator gameplay. Enjoys tournament practice with talkative communication. Usually plays during the evening.,I enjoy learning new strategies. My favorite genres are MOBA and Open World. I am looking for teammates who enjoy tournament practice.,ISTP,Evening,"Esports, MOBA, Anime"
G122,angela36,20,North America,League of Legends,"Marvel Rivals, League of Legends, Valorant",Bronze,Tank,Quiet,Flexible,Competitive,Passionate League of Legends player specializing in Tank gameplay. Enjoys competitive with quiet communication. Usually plays during the evening.,I enjoy teamwork. My favorite genres are Indie Games and Technology. I am looking for teammates who enjoy competitive.,ISTP,Evening,"MOBA, Streaming, Strategy"
G123,lbyrd,32,Europe,League of Legends,"Valorant, Counter-Strike 2, League of Legends",Immortal,Support,Balanced,Aggressive,Rank Push,Passionate League of Legends player specializing in Support gameplay. Enjoys rank push with balanced communication. Usually plays during the morning.,I enjoy competitive matches. My favorite genres are Streaming and MOBA. I am looking for teammates who enjoy rank push.,ISFJ,Morning,"Open World, Indie Games, Technology"
G124,richard04,34,Asia,Counter-Strike 2,"Dota 2, Counter-Strike 2, Valorant",Silver,Support,Very Talkative,Objective Focused,Finding Long-term Squad,Competitive Counter-Strike 2 player specializing in Support gameplay. Enjoys finding long-term squad with very talkative communication. Usually plays during the evening.,I enjoy competitive matches. My favorite genres are Technology and Technology. I am looking for teammates who enjoy finding long-term squad.,ISTP,Evening,"Strategy, Technology, Indie Games"
G125,jason99,25,North America,Apex Legends,"Apex Legends, Valorant, Dota 2",Diamond,Tank,Quiet,Strategic,Rank Push,Dedicated Apex Legends player specializing in Tank gameplay. Enjoys rank push with quiet communication. Usually plays during the afternoon.,I enjoy competitive matches. My favorite genres are Streaming and RPG. I am looking for teammates who enjoy rank push.,ISFP,Afternoon,"RPG, Esports, Indie Games"
G126,steven73,33,Europe,Counter-Strike 2,"Rainbow Six Siege, Counter-Strike 2, Apex Legends",Diamond,Duelist,Quiet,Supportive,Finding Long-term Squad,Passionate Counter-Strike 2 player specializing in Duelist gameplay. Enjoys finding long-term squad with quiet communication. Usually plays during the late night.,I enjoy competitive matches. My favorite genres are Technology and Indie Games. I am looking for teammates who enjoy finding long-term squad.,ESTJ,Late Night,"Anime, Strategy, Technology"
G127,yleon,32,North America,Overwatch 2,"Marvel Rivals, Overwatch 2, Counter-Strike 2",Radiant,Sentinel,Balanced,Flexible,Casual Fun,Competitive Overwatch 2 player specializing in Sentinel gameplay. Enjoys casual fun with balanced communication. Usually plays during the late night.,I enjoy learning new strategies. My favorite genres are Esports and Indie Games. I am looking for teammates who enjoy casual fun.,ESFJ,Late Night,"Esports, RPG, Streaming"
G128,donnacampbell,35,South America,Counter-Strike 2,"Counter-Strike 2, Overwatch 2, Marvel Rivals",Radiant,Initiator,Balanced,Strategic,Casual Fun,Passionate Counter-Strike 2 player specializing in Initiator gameplay. Enjoys casual fun with balanced communication. Usually plays during the afternoon.,I enjoy teamwork. My favorite genres are RPG and Indie Games. I am looking for teammates who enjoy casual fun.,ISFP,Afternoon,"FPS, Anime, MOBA"
G129,clarence34,32,Europe,Counter-Strike 2,"Apex Legends, Counter-Strike 2, Overwatch 2",Ascendant,Initiator,Very Talkative,Objective Focused,Tournament Practice,Competitive Counter-Strike 2 player specializing in Initiator gameplay. Enjoys tournament practice with very talkative communication. Usually plays during the evening.,I enjoy teamwork. My favorite genres are MOBA and Streaming. I am looking for teammates who enjoy tournament practice.,ISFP,Evening,"Anime, Technology, RPG"
G130,lindsayhernandez,29,North America,Apex Legends,"Apex Legends, Marvel Rivals, Counter-Strike 2",Bronze,Flex,Very Talkative,Supportive,Tournament Practice,Experienced Apex Legends player specializing in Flex gameplay. Enjoys tournament practice with very talkative communication. Usually plays during the morning.,I enjoy competitive matches. My favorite genres are Streaming and Anime. I am looking for teammates who enjoy tournament practice.,ENTP,Morning,"RPG, MOBA, Indie Games"
G131,sanchezthomas,35,North America,Dota 2,"Marvel Rivals, Counter-Strike 2, Dota 2",Silver,Tank,Very Talkative,Aggressive,Rank Push,Experienced Dota 2 player specializing in Tank gameplay. Enjoys rank push with very talkative communication. Usually plays during the evening.,I enjoy learning new strategies. My favorite genres are Esports and Open World. I am looking for teammates who enjoy rank push.,ENTP,Evening,"Technology, RPG, Esports"
G132,gibsonolivia,21,Europe,League of Legends,"Counter-Strike 2, League of Legends, Apex Legends",Gold,DPS,Quiet,Aggressive,Finding Long-term Squad,Passionate League of Legends player specializing in DPS gameplay. Enjoys finding long-term squad with quiet communication. Usually plays during the afternoon.,I enjoy competitive matches. My favorite genres are FPS and Esports. I am looking for teammates who enjoy finding long-term squad.,ESTP,Afternoon,"Open World, Strategy, Anime"
G133,jennifercruz,27,Europe,Overwatch 2,"Apex Legends, Overwatch 2, Rainbow Six Siege",Radiant,Controller,Balanced,Flexible,Finding Long-term Squad,Passionate Overwatch 2 player specializing in Controller gameplay. Enjoys finding long-term squad with balanced communication. Usually plays during the evening.,I enjoy learning new strategies. My favorite genres are MOBA and Anime. I am looking for teammates who enjoy finding long-term squad.,ISTP,Evening,"Indie Games, MOBA, Strategy"
G134,psanchez,35,Asia,Overwatch 2,"Dota 2, Rainbow Six Siege, Overwatch 2",Platinum,Tank,Very Talkative,Strategic,Casual Fun,Passionate Overwatch 2 player specializing in Tank gameplay. Enjoys casual fun with very talkative communication. Usually plays during the afternoon.,I enjoy learning new strategies. My favorite genres are Strategy and Indie Games. I am looking for teammates who enjoy casual fun.,ISTP,Afternoon,"Strategy, Open World, Indie Games"
G135,staffordmichelle,31,North America,Dota 2,"Dota 2, League of Legends, Rainbow Six Siege",Gold,Initiator,Balanced,Flexible,Finding Long-term Squad,Competitive Dota 2 player specializing in Initiator gameplay. Enjoys finding long-term squad with balanced communication. Usually plays during the morning.,I enjoy competitive matches. My favorite genres are Strategy and Esports. I am looking for teammates who enjoy finding long-term squad.,ESFJ,Morning,"RPG, Technology, Indie Games"
G136,osbornejeffery,21,Europe,Dota 2,"Overwatch 2, Dota 2, Rainbow Six Siege",Silver,Duelist,Talkative,Supportive,Rank Push,Dedicated Dota 2 player specializing in Duelist gameplay. Enjoys rank push with talkative communication. Usually plays during the evening.,I enjoy teamwork. My favorite genres are RPG and Indie Games. I am looking for teammates who enjoy rank push.,ENFP,Evening,"Streaming, Open World, Anime"
G137,pwilliams,29,South America,Valorant,"Dota 2, Counter-Strike 2, Valorant",Platinum,DPS,Very Talkative,Strategic,Casual Fun,Dedicated Valorant player specializing in DPS gameplay. Enjoys casual fun with very talkative communication. Usually plays during the morning.,I enjoy competitive matches. My favorite genres are MOBA and RPG. I am looking for teammates who enjoy casual fun.,ESTP,Morning,"Indie Games, Technology, Strategy"
G138,bryantlaurie,22,Europe,Apex Legends,"Dota 2, Apex Legends, Overwatch 2",Platinum,Duelist,Balanced,Objective Focused,Casual Fun,Dedicated Apex Legends player specializing in Duelist gameplay. Enjoys casual fun with balanced communication. Usually plays during the afternoon.,I enjoy competitive matches. My favorite genres are Indie Games and Streaming. I am looking for teammates who enjoy casual fun.,ESTJ,Afternoon,"Technology, FPS, Streaming"
G139,stephanie79,30,Europe,Apex Legends,"Marvel Rivals, Apex Legends, Valorant",Platinum,Initiator,Balanced,Strategic,Tournament Practice,Dedicated Apex Legends player specializing in Initiator gameplay. Enjoys tournament practice with balanced communication. Usually plays during the late night.,I enjoy learning new strategies. My favorite genres are Technology and Technology. I am looking for teammates who enjoy tournament practice.,INFJ,Late Night,"Open World, Streaming, Anime"
G140,jrivas,35,South America,Dota 2,"Dota 2, League of Legends, Apex Legends",Ascendant,Duelist,Very Talkative,Flexible,Casual Fun,Experienced Dota 2 player specializing in Duelist gameplay. Enjoys casual fun with very talkative communication. Usually plays during the morning.,I enjoy competitive matches. My favorite genres are Esports and RPG. I am looking for teammates who enjoy casual fun.,ISTP,Morning,"Indie Games, Strategy, RPG"
G141,vmerritt,23,Asia,Overwatch 2,"Overwatch 2, League of Legends, Counter-Strike 2",Bronze,Controller,Quiet,Aggressive,Rank Push,Passionate Overwatch 2 player specializing in Controller gameplay. Enjoys rank push with quiet communication. Usually plays during the afternoon.,I enjoy teamwork. My favorite genres are Technology and Esports. I am looking for teammates who enjoy rank push.,ESTP,Afternoon,"Streaming, MOBA, Anime"
G142,wcole,25,Asia,Marvel Rivals,"Counter-Strike 2, Rainbow Six Siege, Marvel Rivals",Ascendant,Initiator,Very Talkative,Flexible,Casual Fun,Competitive Marvel Rivals player specializing in Initiator gameplay. Enjoys casual fun with very talkative communication. Usually plays during the afternoon.,I enjoy learning new strategies. My favorite genres are MOBA and FPS. I am looking for teammates who enjoy casual fun.,ISFP,Afternoon,"Open World, RPG, FPS"
G143,maryramirez,30,North America,Valorant,"Dota 2, Valorant, Rainbow Six Siege",Silver,DPS,Talkative,Flexible,Rank Push,Competitive Valorant player specializing in DPS gameplay. Enjoys rank push with talkative communication. Usually plays during the afternoon.,I enjoy learning new strategies. My favorite genres are MOBA and MOBA. I am looking for teammates who enjoy rank push.,ISTP,Afternoon,"Strategy, Indie Games, MOBA"
G144,rsims,29,Middle East,Valorant,"Valorant, Dota 2, Counter-Strike 2",Gold,Flex,Balanced,Strategic,Competitive,Experienced Valorant player specializing in Flex gameplay. Enjoys competitive with balanced communication. Usually plays during the late night.,I enjoy teamwork. My favorite genres are MOBA and Strategy. I am looking for teammates who enjoy competitive.,ESTP,Late Night,"Technology, Anime, Strategy"
G145,sjones,33,North America,Rainbow Six Siege,"Marvel Rivals, Dota 2, Rainbow Six Siege",Silver,Sentinel,Balanced,Aggressive,Casual Fun,Passionate Rainbow Six Siege player specializing in Sentinel gameplay. Enjoys casual fun with balanced communication. Usually plays during the afternoon.,I enjoy competitive matches. My favorite genres are FPS and Esports. I am looking for teammates who enjoy casual fun.,ENFJ,Afternoon,"Indie Games, MOBA, FPS"
G146,josephflores,19,North America,Overwatch 2,"Valorant, Apex Legends, Overwatch 2",Gold,DPS,Quiet,Supportive,Finding Long-term Squad,Competitive Overwatch 2 player specializing in DPS gameplay. Enjoys finding long-term squad with quiet communication. Usually plays during the afternoon.,I enjoy teamwork. My favorite genres are Indie Games and MOBA. I am looking for teammates who enjoy finding long-term squad.,ESFP,Afternoon,"Technology, Open World, Streaming"
G147,taylorjesse,27,South America,League of Legends,"Rainbow Six Siege, League of Legends, Marvel Rivals",Immortal,Controller,Talkative,Supportive,Rank Push,Experienced League of Legends player specializing in Controller gameplay. Enjoys rank push with talkative communication. Usually plays during the evening.,I enjoy teamwork. My favorite genres are Open World and Anime. I am looking for teammates who enjoy rank push.,ENTJ,Evening,"Technology, Esports, FPS"
G148,jasminebrown,29,Asia,Rainbow Six Siege,"Valorant, League of Legends, Rainbow Six Siege",Immortal,Controller,Quiet,Objective Focused,Finding Long-term Squad,Experienced Rainbow Six Siege player specializing in Controller gameplay. Enjoys finding long-term squad with quiet communication. Usually plays during the morning.,I enjoy teamwork. My favorite genres are FPS and Strategy. I am looking for teammates who enjoy finding long-term squad.,ISFJ,Morning,"Open World, Indie Games, Streaming"
G149,drivera,19,North America,Apex Legends,"Apex Legends, Marvel Rivals, Dota 2",Gold,Tank,Very Talkative,Aggressive,Casual Fun,Competitive Apex Legends player specializing in Tank gameplay. Enjoys casual fun with very talkative communication. Usually plays during the late night.,I enjoy competitive matches. My favorite genres are Indie Games and MOBA. I am looking for teammates who enjoy casual fun.,ISTJ,Late Night,"RPG, Strategy, Anime"
G150,abrown,35,North America,Apex Legends,"Marvel Rivals, Counter-Strike 2, Apex Legends",Silver,Controller,Talkative,Objective Focused,Rank Push,Experienced Apex Legends player specializing in Controller gameplay. Enjoys rank push with talkative communication. Usually plays during the morning.,I enjoy teamwork. My favorite genres are RPG and Anime. I am looking for teammates who enjoy rank push.,INTJ,Morning,"Technology, Esports, Anime"
